name,region,count,female,k_married,par_mean
Academy Of Art University,4,495.6666666666670,0.4142569,0.34508148,166594.9696116340
Adams State University,4,393.3333333333330,0.50084746,0.56966305,76121.81634004240
Adrian College,2,240.3333333333330,0.55478501,0.65137172,113708.1117154990
Advanced Institute Of Hair Design,2,58,0.99137932,0.58200473,90962.75
Advanced Technology Institute,3,127.6666666666670,0.039164491,0.40728205,69400.14868227810
Adventist University Of Health Sciences,3,120.5,0.76348549,0.53837162,73132.16145833330
Agnes Scott College,3,164,0.99695122,0.50208014,148536.1145833330
Alabama Agricultural & Mechanical University,3,943.6666666666670,0.51395267,0.23482969,57659.15268870320
Alabama Southern Community College,3,248,0.59677422,0.41742578,61075.67017914150
Albany College Of Pharmacy And Health Sciences,1,129,0.59689921,0.74353045,90997.46875
Albany State University,3,521,0.63595647,0.21053372,54718.25915956890
Albany Technical College,3,312.5,0.62720001,0.22114572,43728.09114583330
Albertus Magnus College,1,65.66666666666670,,0.40746137,89400.36429251270
Albion College,2,398,0.56407034,0.67621833,159765.4010416670
Albright College,1,314,0.59023356,0.58927262,139372.1685327100
Alderson Broaddus University,3,126,0.6322751,0.66366309,68810.96589781750
Alfred University,1,454.6666666666670,0.52639294,0.60422957,133071.2605674950
Allegheny College,1,434.5,0.50517839,0.62554431,142412.0833333330
Allen County Community College,2,420.6666666666670,0.57290018,0.54991829,74845.65543903530
Alma College,2,266.5,0.56097561,0.71877366,120659.5260416670
Alpena Community College,2,298.5,0.46733668,0.55798501,68727.44270833330
Altamaha Technical College,3,122,0.55737704,0.40532565,48751.51171875
Alvernia University,1,210.3333333333330,0.62440568,0.56393397,94909.35131487720
Alverno College,2,161,0.99792963,0.43997833,76471.00965644410
"American Career College of Los Angeles, CA",4,489.5,0.82431054,0.28423366,55879.31640625
American Institute Of Business,2,257,0.71465629,0.68425125,77755.5766354572
American International College,1,172.3333333333330,0.50483561,0.42280263,79213.42305367510
American Musical & Dramatic Academy,1,270.5,0.65619224,0.36969981,115011.5703125
American National University,3,377.6666666666670,0.81465137,0.36971423,43873.0047026699
Amherst College,1,389.6666666666670,0.48417452,0.55561686,440985.716932207
Ancilla Domini College,2,127,0.56430447,0.51668769,72471.06686761810
"Anderson University of Anderson, IN",2,448.6666666666670,0.57652301,0.70850742,116464.4858957100
"Anderson University of Anderson, SC",3,216,0.62037039,0.68392432,89558.53370949080
Andrews University,2,262.6666666666670,0.52664977,0.5948481,101521.1542274750
Angelina College,3,871.6666666666670,0.59120458,0.50160164,55254.56239543500
Anna Maria College,1,122,0.69125682,0.59595132,108239.2152279710
Anthem College And The Bryman School Of Arizona,4,2343.5,0.68039256,0.347478,51869.36067708330
Antonelli College,3,169.6666666666670,0.72495091,0.34146017,50262.57462549120
Aquinas College,2,291.3333333333330,0.64645308,0.65815198,129991.28515625
Arcadia University,1,309,0.74433655,0.60099971,148066.9624797740
Argosy University,4,119,0.92997199,0.5772028,101653.7676601890
Arizona Western College,4,765.6666666666670,0.52242053,0.48828775,51295.79963845510
Arkansas Northeastern College,3,304.6666666666670,0.66520786,0.41611296,50379.58791626780
Art Center College Of Design,4,109.5,0.38812786,0.34515694,140836.1458333330
Art Institute Of Houston ,3,401,0.36325851,0.37300768,96153.09433447630
Art Institute Of New York City ,1,245,0.43673471,0.2816143,64366.34010416670
Art Institute Of Phoenix ,3,214,0.35669783,0.43267283,93344.60825545170
Art Institute Of Portland ,4,135.3333333333330,0.51477832,0.4375324,102883.9385006160
Art Institute Of York  - Pennsylvania,1,194,0.55154639,0.52949655,87538.40199473800
Art Institutes International Minnesota ,2,238,0.39495799,0.46412954,90425.84187893910
ASA Institute Of Business & Computer Technology,1,275,0.79878789,0.1836585,35390.39680397730
Asbury College,3,265,0.56226414,0.80919522,123413.0130208330
Ashland University,2,461.3333333333330,0.6069364,0.68920964,103633.1471278900
Asnuntuck Community College,1,214.6666666666670,0.55590063,0.40488219,92144.84011063670
Assumption College,1,476.6666666666670,0.60139859,0.67169541,148849.7908216780
Atlanta Metropolitan  State College,3,331.3333333333330,0.57746476,0.16023026,52692.98152980380
Atlanta Technical College,3,311,0.55787784,0.12685724,41963.90234375
Augsburg College,2,321,0.53063345,0.60241026,153407.3375924840
Augusta Technical College,3,614,0.6004343,0.35738295,58063.9443582044
"Augustana College of Sioux Falls, SD",2,392,0.64115644,0.75649744,119812.8255872660
Aurora University,2,185.6666666666670,0.56552964,0.55574626,99982.84526481150
Austin College,3,299.3333333333330,0.57683742,0.61685568,152914.6209284520
Automotive Training Center,1,144.3333333333330,0.034642033,0.4211888,84929.57891887990
Aveda Institute,2,162.6666666666670,0.94262296,0.5279699,99756.54845991290
Aveda Institute Covington,3,61,0.95081967,0.51924878,84806.2578125
Averett University,3,126.3333333333330,0.50395781,0.57709104,86056.16000164910
Avila University,2,109.5,0.63926941,0.61183172,138463.9635416670
Babson College,1,314.3333333333330,0.37751856,0.60191709,292542.2134477730
Bainbridge State College,3,277.6666666666670,0.58223289,0.40566996,49669.58982968190
Baker University,2,190.3333333333330,0.54115587,0.65861338,150457.8955095230
Baltimore School Of Massage,3,73,0.86301368,0.43747342,70166.98958333330
Baptist Bible College,2,124.5,0.50200802,0.8267383,72203.76822916670
Baptist Bible College Of Pennsylvania,1,188.3333333333330,0.580531,0.79829925,87674.39153761060
Bard College,1,280,0.5607143,0.36819476,340615.7279947920
Barry University,3,272.6666666666670,0.66625917,0.42077962,116412.1854752450
Barstow Community College,4,478,0.45327756,0.4585042,62711.74122591960
Barton College,3,185,0.66486484,0.65991211,99189.09635416670
Barton County Community College,2,806.3333333333330,0.36461347,0.52174824,59945.31674697710
Bates College,1,427,0.50351286,0.58164424,330710.9493071820
Bates Technical College,4,378.3333333333330,0.38678414,0.44380075,74478.24720539650
Bay De Noc Community College,2,368.5,0.53595656,0.55363101,73573.13020833330
Bay Path College,1,76,1,0.57856828,93687.75479714910
Bay State College,1,150,0.66666669,0.29726502,72966.30729166670
Beaufort County Community College,3,182.3333333333330,0.57586837,0.41642657,54211.49915733550
Becker College,1,239,0.75313807,0.51339358,87529.21964347980
Bel - Rea Institute Of Animal Technology,4,107,0.92990655,0.5211153,97078.15885416670
Belhaven University,3,139.5,0.59498209,0.6617381,92393.31510416670
Bellarmine University,3,318,0.65251571,0.68461752,135061.6649141770
Bellevue University,2,140.3333333333330,0.46080759,0.64363998,87138.01668274940
Bellingham Technical College,4,313.3333333333330,0.47021276,0.5152818,79678.37288896280
Belmont Abbey College,3,134.3333333333330,0.52109182,0.59507048,124431.8340764580
Belmont College,2,289,0.48558247,0.54019785,58512.50717722750
Belmont University,3,472.6666666666670,0.59873062,0.65178537,187916.1580901800
Beloit College,2,257.3333333333330,0.59974092,0.47994474,178407.6344114310
Benedictine College,2,231,0.52597404,0.65511101,104279.5052083330
Benedictine University,2,223,0.57174885,0.62427807,130073.1927083330
Bennett College,3,126,0.98941797,0.22881895,59536.14465525790
Bennington College,1,124.6666666666670,0.69786096,0.38929892,167420.252799131
"Berkeley College of New York, NY",1,372,0.6783154,0.32951048,61200.79279548890
"Berkeley College of Woodland Park, NJ",1,446.3333333333330,0.70500374,0.40715447,70132.76352163460
Berkshire Community College,1,353.3333333333330,0.53679246,0.44859996,88979.13946049530
Berry College,3,420.5,0.64803803,0.74294841,133228.0208333330
Beth Medrash Govoha Of America,1,135.6666666666670,0.0098280096,0.86619222,185551.8811808970
"Bethany College of Bethany, WV",3,210,0.53571427,0.67911488,84672.02864583330
"Bethany College of Lindsborg, KS",2,130,0.45641026,0.66305864,88647.19835737180
Bethany Lutheran College,2,117,0.5099715,0.71538967,89334.94181801990
Bethel College,2,263,0.62484157,0.70642859,106638.6623692970
"Bethel University of McKenzie, TN",3,113,0.53539824,0.64974946,67322.70833333330
Bethune Cookman University,3,434,0.55299538,0.21432418,55685.3671875
Bevill State Community College,3,612,0.55827886,0.55260444,58937.8853443287
Big Bend Community College,4,359,0.48653668,0.58306009,73206.44811252320
Birmingham Southern College,3,288.6666666666670,0.57390302,0.6646319,232673.821232679
Bishop State Community College,3,641.6666666666670,0.62077922,0.24280488,45969.41987824680
Black River Technical College,3,255,0.50980395,0.60494626,53706.24563929740
Blackburn University,2,110,0.54090911,0.6063652,74065.265625
Blackhawk Technical College,2,433.3333333333330,0.58538461,0.52704316,77468.63986177890
Bladen Community College,3,134,0.61442786,0.32525873,46182.47516324630
Bloomfield College,1,227,0.61233479,0.25008073,52584.27923664650
Blue Mountain Community College,4,296.5,0.58347386,0.56381863,67935.078125
"Blue Ridge Community College of Flat Rock, NC",3,324.6666666666670,0.54312116,0.52128923,69763.49963905290
Bluefield State College,3,443.6666666666670,0.5424493,0.54182345,60400.96442407030
Bluffton University,2,202.5,0.5728395,0.83600038,90094.58333333330
Boricua College,1,92.5,0.69729728,0.20675738,37878.39322916670
Bowdoin College,1,418,0.51275915,0.59304941,410517.6497208930
"Bradford School of Columbus, OH",2,130.5,0.7011494,0.36072838,60225.62760416670
"Bradford School of Pittsburgh, PA",1,115,0.78260869,0.45914394,77006.546875
Brenau University,3,114.6666666666670,0.98255813,0.59162736,126124.5116506180
Brevard College,3,119,0.464986,0.48098892,193567.7092086840
Brewton Parker College,3,148.5,0.49494949,0.57968891,70745.015625
Briar Cliff University,2,173.6666666666670,0.55470252,0.69854677,88356.02157059740
Briarcliffe College,1,430.3333333333330,0.43687063,0.40612948,82617.98061096050
Bridgerland Applied Technology College,4,94.5,0.55026454,0.81530941,78726.00260416670
Bridgewater College,3,309.6666666666670,0.55651236,0.65617722,110865.4330429230
Brigham Young University - Hawaii,4,184.5,0.57452577,0.77676529,120099.5234375
Brookline College,4,402.6666666666670,0.82119203,0.26677179,40820.67815313280
Brooks Institute,4,250.1666666666670,0.47634912,0.41335401,161301.6040452200
Brunswick Community College,3,171,0.62378168,0.40086183,57462.21270406920
Bryan College,3,141.3333333333330,0.6014151,0.71224713,141063.2931345810
Bryn Mawr College,1,265.3333333333330,0.99623114,0.46789965,222398.8616323810
Buena Vista University,2,317.1666666666670,0.5401997,0.71489495,89198.67847231350
Cabrini College,1,250,0.63466668,0.56710434,144233.601625
Cairn University,1,196,0.57312924,0.76966709,96076.0417330995
Caldwell College,1,215.6666666666670,0.62596601,0.52950287,106866.5620894510
California Baptist University,4,197.3333333333330,0.64864862,0.72462571,94525.19923194680
California College Of The Arts,4,123.6666666666670,0.58221024,0.34035909,160342.7457884100
California Culinary Academy,4,154,0.38528138,0.37816384,110464.0924648270
California Institute Of Technology,4,190.6666666666670,0.33216783,0.5417853,185591.1348339160
California Institute Of The Arts,4,122.6666666666670,0.45923913,0.36633381,205473.4940981660
California Lutheran University,4,300,0.57888889,0.66277009,169644.5575173610
California Maritime Academy,4,92,0.15217391,0.58743018,132454.2233922100
California State University Channel Islands,4,50,,0.55707496,141960.9635416670
"California State University, Dominguez Hills",4,451.3333333333330,0.6971935,0.34141997,57771.22736740680
"California State University, Los Angeles",4,1179.666666666670,0.62447017,0.39761055,52114.62349003960
"California State University, Monterey Bay",4,322.6666666666670,0.58884299,0.50071526,123045.0469718490
"California State University, San Marcos",4,427.6666666666670,0.61340606,0.61089116,128226.3447669040
Cambria Rowe Business College,1,113.3333333333330,0.88235295,0.621225,53077.62807904410
Campbellsville University,3,210,0.52857143,0.70021641,81438.703125
Capital Area Technical College,3,2398,0.46017516,0.4099004,56711.81770833330
Capital Community College,1,312.3333333333330,0.63393807,0.2546708,57093.28588163690
Capital University,2,475.3333333333330,0.59396917,0.64336526,100713.1128922690
Capri Institute Of Hair Design,1,148,0.9054054,0.42510119,88817.82214245500
Cardinal Stritch University,2,133.6666666666670,0.73815459,0.55637735,98632.305583697
Carl Albert State College,3,359.6666666666670,0.57831323,0.5834372,53883.0296208874
Carl Sandburg College,2,373.5,0.57429719,0.48297176,64202.55598958330
Carleton College,2,456.6666666666670,0.52481753,0.5659492,258017.3434192520
Carlow University,1,156.6666666666670,0.95319152,0.57778484,84554.05997340430
Carrington College California,4,434.5,0.91599542,0.35820326,59022.17317708330
"Carrington College of Mesa, AZ",4,477.5,0.87958115,0.32555488,53505.63020833330
"Carrington College of Spokane Valley, WA",4,168,0.91666669,0.50283796,60433.70963541670
Carroll College,4,273.5,0.59597808,0.65444183,127585.140625
Carroll University,2,432.6666666666670,0.66409862,0.65760481,127266.453943567
Carson - Newman University,3,388,0.556701,0.71554041,104330.2859616620
Carteret Community College,3,245,0.59727889,0.48026693,64074.68568239800
Carthage College,2,447,0.54138702,0.65185201,137183.9071005780
Cascadia Community College,4,285,0.43391812,0.47287187,128951.5745614040
Casper College,4,489.3333333333330,0.53201634,0.59453791,81143.84787444650
Catawba College,3,194,0.51546389,0.58018452,109748.8177083330
Cazenovia College,1,202.6666666666670,0.71875,0.49504784,95134.14936266450
Cecil College,3,290,0.56896549,0.5087713,80102.8359375
Centenary College,1,132.6666666666670,0.71608043,0.5212599,128253.9996663000
Centenary College Of Louisiana,3,193.3333333333330,0.61896551,0.63157952,152373.3074084050
Center For Employment Training,4,290,0.55517244,0.32362455,39084.00911458330
Central Carolina Technical College,3,506.6666666666670,0.60394734,0.39048141,51362.61869089230
Central College,2,356.3333333333330,0.59307766,0.75761187,110612.7750380030
Central Georgia Technical College,3,542.5,0.65714288,0.27714461,47888.52473958330
Central Methodist University,2,192,0.51215279,0.66388357,77169.68937852650
Central Ohio Technical College,2,337.3333333333330,0.63339919,0.53683203,66213.68552371540
Central Penn College,1,241.6666666666670,0.77793103,0.62044829,72336.46977370690
Central State University,2,266,0.54010028,0.19629507,52515.04200442510
Central Wyoming College,4,238,0.59243697,0.54701012,67205.53057160360
Centralia College,4,448.6666666666670,0.52451706,0.51344478,79800.97635935180
Centre College Of Kentucky,3,246.6666666666670,0.55000001,0.6840238,192429.8266047300
Cerritos Community College,4,3216,0.52829599,0.36271802,56123.49817967450
Chadron State College,2,363.6666666666670,0.54812098,0.68929827,72584.39896740380
Chaminade University Of Honolulu,4,275.6666666666670,0.54171705,0.50743365,79499.56704390870
Champlain College,1,435,0.53256702,0.55183423,124026.1553041190
Charleston Southern University,3,368,0.63722825,0.58523548,88515.80989583330
Chatham University,1,125,0.98666668,0.51998746,98628.72739583330
Chattahoochee Valley Community College,3,263,0.60646385,0.41069409,62115.0390625
Chesapeake College,3,389.6666666666670,0.58682632,0.47219369,72342.70170819080
Chestnut Hill College,1,85.5,0.83625734,0.43626398,85882.13541666670
Cheyney University Of Pennsylvania,1,227.3333333333330,0.49706745,0.12473197,49417.09597232410
Chicago State University,2,417,0.71143085,0.17575735,51843.76084757190
Chipola College,3,285.5,0.51313484,0.49437055,63056.5625
Christian Brothers University,3,232.3333333333330,0.49784791,0.57391977,144483.7003676470
Cincinnati Christian University,2,110.5,0.49321267,0.845846,101239.9505208330
"Citadel, The Military College Of South Carolina",3,460.3333333333330,0.05358436,0.66932344,146210.8854543810
City College Of New York - CUNY,1,582.3333333333330,0.47223812,0.38075513,54008.89980144530
City Colleges Of Chicago,2,3365.5,0.61105335,0.24427831,52773.57552083330
Claflin University,3,272,0.66911763,0.24522418,47542.23958333330
Claremont Mckenna College,4,266,0.46992481,0.57537639,335092.9724310780
Clarendon College,3,184,0.41485506,0.54330939,59815.49644050040
Clark University,1,416,0.61378205,0.51991743,176605.0441706730
Clarke University,2,160,0.72812498,0.71658003,95361.00260416670
Clatsop Community College,4,131,0.56106871,0.50324523,67825.03645833330
Clearwater Christian College,3,140.5,0.53024912,0.7628969,108308.4270833330
Cleveland Community College,3,251.6666666666670,0.56821191,0.44786841,60836.81950020700
Cleveland Institute Of Dental - Medical Assistants,2,115.5,0.969697,0.26681754,45757.71354166670
Cleveland State Community College,3,445.6666666666670,0.53702319,0.58411217,68400.91729969150
Clinton Community College - SUNY Office Of Community Colleges,1,342,0.51851851,0.4639703,72551.9174281189
Cloud County Community College,2,285.6666666666670,0.55075848,0.51787478,60092.88543110050
Clover Park Technical College,4,455,0.5750916,0.41616434,72370.83722527470
Clovis Community College,4,424,0.5778302,0.51016891,53957.48672120680
Coconino County Community College,4,457.3333333333330,0.52623904,0.48100784,85217.23152787900
Coe College,2,259,0.57014155,0.66688877,138284.527891731
Coffeyville Community College,2,160,0.375,0.45469144,52326.55859375
Coker College,3,100.5,0.59203982,0.54939586,78650.54427083330
Colby College,1,491.6666666666670,0.54915255,0.61660719,418072.8774576270
Colby Community College,2,342,0.50974661,0.64581424,63084.84336165940
Colby-Sawyer College,1,206.3333333333330,0.64620358,0.59457123,170401.6362075930
College For Creative Studies,2,163,0.40899795,0.45507818,145763.0598479040
College Of Coastal Georgia,3,409.6666666666670,0.61513424,0.48560932,70369.78358612190
College Of Health Care Professions ,3,104.5,0.77990431,0.23214878,44729.16927083330
College Of Idaho ,4,177,0.55084747,0.61751211,123050.6380208330
College Of Mount Saint Joseph,2,293,0.65529013,0.67195117,133300.6562677760
College Of New Rochelle ,1,222,0.9009009,0.23871805,53121.07918074320
College Of Our Lady Of The Elms,1,95.66666666666670,0.72125435,0.65567285,91490.27621406790
College Of Saint Benedict,2,446.6666666666670,0.99776119,0.73596156,150242.8078241600
College Of Saint Elizabeth,1,118.6666666666670,0.99157304,0.50174236,97344.61196453650
College Of Saint Rose,1,439.3333333333330,0.74279213,0.65088898,100367.3220492700
College Of Saint Scholastica,2,336,0.73363096,0.70403069,102990.15625
College Of The Albemarle,3,349.3333333333330,0.62595421,0.42844048,63908.70497375950
College Of The Desert,4,1342.666666666670,0.50893742,0.40106046,59464.92464661430
College Of The Ouachitas,3,135.3333333333330,0.55911332,0.47396234,61094.48576046800
College Of The Ozarks,2,218.5,0.54233408,0.68581057,58892.23307291670
College Of The Siskiyous,4,345,0.39806762,0.49926093,85761.71080163040
College Of Westchester ,1,176,0.46590909,0.33266377,73597.453125
College Of Wooster ,2,419.6666666666670,0.52025419,0.59345227,169626.4078757940
CollegeAmerica Denver,4,83,0.65863454,0.34217453,54268.69576744480
Colorado Christian University,4,183,0.60382515,0.79574049,156218.5989583330
Colorado Northwestern Community College,4,192.1666666666670,0.44666088,0.6166445,78010.27745555070
Colorado State University-Pueblo,4,499,0.54809618,0.56463993,85255.34114583330
Columbia - Greene Community College - SUNY Office Of Cmnty Colleg,1,296.5,0.52782464,0.43860149,73355.765625
"Columbia College of Columbia, SC",3,161.3333333333330,0.99276859,0.51905644,87105.71192213330
Columbia Gorge Community College,4,88,,0.46714813,64630.11848958330
Columbia International University,3,115.5,0.68398267,0.7925958,75192.91666666670
Columbus College Of Art & Design,2,245.5,0.4826884,0.4686285,102307.46875
Columbus Technical College,3,560,0.59583336,0.33931795,57362.82623697920
Community College Of Beaver County,1,416,0.46394232,0.48039693,76014.9375
Community College Of Philadelphia,1,2589,0.57937425,0.28508392,56646.52372115200
Concordia University - Saint Paul,2,186.3333333333330,0.54382825,0.65818667,92246.76323512970
Concordia University - Wisconsin,2,284.3333333333330,0.57678783,0.70293367,92678.25979081190
"Concordia University of Irvine, CA",4,201,0.66500831,0.64912969,131138.3081208540
"Concordia University of Portland, OR",4,111.3333333333330,0.66467065,0.68295842,102064.7882906060
"Concordia University of River Forest, IL",2,213,0.64006257,0.69645548,98720.00334996090
"Concordia University of Seward, NE",2,262.3333333333330,0.55400252,0.78544164,86492.41057814490
Concordia University Texas,3,102.5,0.49756098,0.69025499,112917.8802083330
Connecticut College,1,413.6666666666670,0.59548753,0.5768404,417732.2939665590
Connors State College,3,366.6666666666670,0.59818184,0.51402336,56276.33400923300
Conservatory Of Recording Arts & Sciences,4,124,0.084677421,0.43267623,95241.25
Converse College,3,145,0.99310344,0.64285815,122906.4331716950
Cooper Union For The Advancement Of Science & Art ,1,174.3333333333330,0.35946462,0.46624222,143460.5723888620
Copiah-Lincoln Community College,3,633.5,0.55722177,0.4308928,55632.91145833330
Copper Mountain College,4,327,0.47808358,0.50784194,67192.23472142590
Corban University,4,136.6666666666670,0.60243905,0.77762383,106438.4745807930
Cornell College,2,272,0.61764705,0.62191403,117782.6171875
Cornerstone University,2,303.6666666666670,0.6169045,0.77100056,115400.1175476810
Cornish College Of The Arts,4,104.5,0.60765553,0.35447565,151934.4375
Cossatot Community College Of The University Of Arkansas,3,113.3333333333330,0.55000001,0.53676403,51799.03026194850
Covenant College,3,206,0.60194176,0.7339108,146452.9558555830
Coyne College,2,149.3333333333330,0.069196425,0.26246592,57621.94105747770
Craven Community College,3,472,0.47881356,0.50133586,64038.11857510150
Crimson Technical College,4,156,0.073717952,0.45359665,47183.26171875
Crowder College,2,464,0.55244255,0.62020308,58819.77191933820
Crown College,2,142.6666666666670,0.57710278,0.73663735,82883.52281688080
Culver-Stockton College,2,173,0.54720616,0.65980899,85740.02113439310
Cumberland University,3,151.3333333333330,0.4537445,0.62066227,81696.70611921810
CUNY Borough Of Manhattan Community College,1,2047.333333333330,0.561055,0.24085049,45008.48356093290
CUNY Bronx Community College,1,778.6666666666670,0.55779111,0.21788596,39859.1979445366
CUNY John Jay College Of Criminal Justice,1,1228,0.59527689,0.32534915,56952.99518610890
CUNY Laguardia Community College,1,1178,0.57838142,0.29936689,42930.78843024900
CUNY Lehman College,1,468.3333333333330,0.67544484,0.30575472,45762.72521685940
CUNY Medgar Evers College,1,284,0.69483566,0.15341583,44877.50818845360
CUNY York College,1,368,0.68115944,0.27062157,46950.67206960480
"CUNY, Hostos Community College",1,235.3333333333330,0.69263458,0.21302654,34486.35480479820
Curry College,1,342,0.47758284,0.47148463,167527.8339881820
D G Erwin Technical Center,3,166.3333333333330,0.57515031,0.36943945,54144.92347977200
D'Youville College,1,107.6666666666670,0.78637773,0.60614693,77711.34280669500
Dabney S Lancaster Community College,3,161.3333333333330,0.50619835,0.53833228,67210.58771306820
Daemen College,1,250.6666666666670,0.76196808,0.55639189,89060.24740275930
Dakota College At Bottineau,2,135.3333333333330,0.45320198,0.56260812,63575.5395916718
Dallas Baptist University,3,289.6666666666670,0.56616801,0.73855031,105931.1372716490
Daniel Webster College,1,140,0.18809524,0.56111228,160458.8372767860
Danville Area Community College,2,480.3333333333330,0.54198474,0.49928409,69816.33183878380
Danville Community College,3,472.6666666666670,0.52397746,0.48675278,66177.91531867070
Davidson College,3,409.3333333333330,0.51710099,0.6497786,493919.2600264660
Davidson County Community College,3,393,0.61153519,0.50996208,68937.28665712470
Davis & Elkins College,3,119.6666666666670,0.62116992,0.55900997,97471.96683495820
Davis Applied Technology College,4,321.6666666666670,0.40414509,0.60257524,89998.14108646370
Dawson Community College,4,120.3333333333330,0.4598338,0.61917734,61527.72998182130
Dean College,1,311,0.45016077,0.3791995,131190.3212754560
Defiance College,2,152.5,0.49508196,0.75439018,86515.04947916670
Delaware Technical Community College - Owens Campus,3,487.6666666666670,0.56937802,0.46705595,78604.88015849280
"Delaware Technical Community College of Dover, DE",3,308,0.60281384,0.45703039,74277.11113365800
Delaware Valley College Of Science & Agriculture,1,316,0.50527424,0.60700297,113197.3328471120
Delgado Community College,3,2348.333333333330,0.60496807,0.31466419,58689.42018552610
Delta State University,3,399.5,0.59824783,0.58209383,79019.6796875
Denison University,2,499,0.56379426,0.59033829,271317.6187792250
DeSales University,1,281.5,0.52930731,0.58771598,126097.4244791670
Dickinson State University,2,343,0.51409137,0.6750263,65513.14382516400
Digipen Institute Of Technology,4,88.5,0.062146891,0.43178764,117772.3567708330
Dillard University,3,414.1666666666670,0.76016098,0.24606214,55132.93277948940
Doane College,2,263.3333333333330,0.5050633,0.71481633,102872.5711036390
Dodge City Community College,2,251,0.44820717,0.49873984,58319.43880208330
Dominican College Of Blauvelt,1,140,0.58928573,0.45007131,96784.109375
Dominican University,2,200,0.67833334,0.5694741,104994.0623697920
Dominican University Of California,4,137.6666666666670,0.76029056,0.50909108,163987.1190034810
Dordt College,2,305.3333333333330,0.56550217,0.81992364,105026.3014720930
Dorsey School Of Business,2,108,0.9212963,0.2384682,57263.88802083330
Douglas J Aveda Institute,2,77,0.97402596,0.71043253,101865.8567708330
Dowling College,1,275,0.57090908,0.49549663,95406.83612689390
Drew University,1,339.6666666666670,0.59077525,0.49907449,253466.6251533370
Dunwoody College Of Technology,2,336.6666666666670,0.08118812,0.54957736,126602.882394802
Dyersburg State Community College,3,466,0.63519311,0.53435147,64790.94408865340
Earlham College,2,249.5,0.56312627,0.44535008,156866.53125
East Arkansas Community College,3,213,0.68388104,0.349145,50165.03537020740
East Central Community College,3,484,0.5154959,0.46259463,60647.609375
East Georgia State College,3,349,0.48710603,0.45116279,67453.67732211080
East Mississippi Community College,3,861.3333333333330,0.5243808,0.39658549,59939.10206892170
East Texas Baptist University,3,270.3333333333330,0.53144264,0.6877172,82426.97435650430
Eastern Arizona College,4,453.6666666666670,0.5481264,0.60901856,65886.76933321090
Eastern College Of Health Vocations,3,143,0.98368299,0.24123588,39767.47219187060
Eastern Gateway Community College,2,267.5,0.56386292,0.49881166,62850.77196505060
Eastern Idaho Technical College,4,134.5,0.57620817,0.70685691,69364.40625
Eastern Mennonite University,3,181.5,0.60330576,0.7542572,109883.7291666670
Eastern Nazarene College,1,161,0.57971013,0.67397976,96446.74107142860
Eastern New Mexico University,4,976,0.54474044,0.47971797,59703.11170700990
Eastern Oklahoma State College,3,296.6666666666670,0.51910114,0.55262268,58649.67644838480
Eastern Oregon University,4,341,0.55034214,0.62764186,88624.77360551080
Eastern Shore Community College,3,129.6666666666670,0.66838044,0.34402633,48420.4872469473
Eastern University,1,340.6666666666670,0.67514676,0.70200974,138814.893048251
Eastern Wyoming College,4,205,0.54308945,0.6340059,62977.82997332320
Eckerd College,3,332.6666666666670,0.55010021,0.5206424,207860.5667898300
Edgecombe Community College,3,255.6666666666670,0.66492832,0.24940664,45305.81816839150
Edgewood College,2,217.3333333333330,0.71932513,0.6669603,126379.0121860620
El Paso Community College,3,2837.666666666670,0.54610598,0.41843244,41655.43214054980
Elaine P. Nunez Community College,3,291.5,0.55917668,0.44049317,59750.56770833330
Elizabeth City State University,3,334.6666666666670,0.58964145,0.27648056,44637.21484375
Elizabethtown College,1,398,0.63819093,0.69474488,118657.1078373640
Elmhurst College,2,345,0.63913041,0.59827423,134585.609375
Elmira College,1,241.5,0.73498964,0.57406598,126658.8958333330
Emily Griffith Technical College,4,307,0.42345276,0.37011898,57399.94410372560
"Emmanuel College of Boston, MA",1,242,0.71900827,0.51794374,117082.546875
"Emmanuel College of Franklin Springs, GA",3,180.3333333333330,0.52865064,0.65357649,76561.14874075790
Emory & Henry College,3,226,0.52507377,0.6671294,99376.02488938050
"Empire Beauty School of New York, NY",1,137,0.96836984,0.22928773,68715.578125
"Empire Beauty School of Philadelphia, PA",1,120,0.97083336,0.66514546,81230.17708333330
"Empire Beauty School of Portland, ME",1,93.5,0.95187163,0.40451708,65183.3515625
"Empire Beauty School of Somersworth, NH",1,109.5,0.95890409,0.3843959,64785.1328125
Endicott College,1,288,0.67708331,0.59219152,164295.7623878760
Enterprise State Community College,3,289,0.43944636,0.50819385,77794.2890625
Erskine College,3,131,0.59923667,0.76364201,112021.4505208330
Essex County College,1,972,0.55144036,0.24544249,59459.47539839460
ETI School Of Skilled Trades,2,138.5,0.025270758,0.32372022,86786.75
Eureka College,2,96.5,,0.59816241,78117.15364583330
Evangel University,2,349,0.56160456,0.75585812,97468.01506536530
"Everest Institute of Miami, FL",3,206,0.80582523,0.20625438,39944.8046875
Faulkner University,3,227.6666666666670,0.55197656,0.52845579,77458.80235404470
Fayetteville State University,3,636.3333333333330,0.58564693,0.28612798,52479.57138267750
Fayetteville Technical Community College,3,1415.333333333330,0.53862458,0.44473904,58888.9539401054
Feather River College,4,179,0.46554935,0.43922156,81433.79261231380
Felician College,1,149.6666666666670,0.71269488,0.42192465,90279.7582648942
Ferrum College,3,213.6666666666670,0.38845554,0.53825051,93533.94989518330
Fisher College,1,228.6666666666670,0.72011662,0.3446407,80789.60507015310
Flagler College,3,408,0.64460784,0.62477404,128790.4817708330
Flathead Valley Community College,4,311,0.55734193,0.53862935,65496.90670217040
Florence - Darlington Technical College,3,776,0.62328178,0.39592451,55543.73719729920
Florida College,3,147,0.50566894,0.75396061,97335.90249433110
Florida College Of Natural Health,3,100,0.875,0.37221631,73897.84114583330
Florida Gateway College,3,422.3333333333330,0.55801105,0.53163081,63584.05464125400
Florida Gulf Coast University,3,405.3333333333330,0.59868419,0.55987275,103619.5079088710
Florida Institute Of Technology,3,327,0.33741081,0.60793817,117847.8296460880
Florida Memorial University,3,256,0.5546875,0.15215114,47531.41276041670
Florida Southern College,3,404.3333333333330,0.61500412,0.62469363,117392.4730909930
Florida Technical College,3,112,0.42261904,0.32299599,48193.02297247020
Fontbonne University,2,164.5,0.69300914,0.63777643,140073.890625
Fort Myers Institute Of Technology And Cape Coral Institute Of Technology,3,96,0.44097221,0.35795227,58993.71856011280
Fort Scott Community College,2,372.3333333333330,0.51298118,0.5810743,64409.30049798570
Fort Valley State University,3,381,0.51793528,0.2162244,55838.20463897090
"Fortis College of Houston, TX",3,69.5,0.79136693,0.26827091,42393.37109375
"Fortis College of Largo, FL",3,93.5,0.80748665,0.22519137,58020.78385416670
"Fortis College of Richmond, VA",3,51.66666666666670,,0.40965852,53349.57326108870
"Fortis Institute of Palm Springs, FL",3,128,0.85546875,0.26289353,46762.23697916670
Fox College,2,79,0.91772151,0.58507264,77194.02864583330
Francis Tuttle Technology Center School District No. 21,3,203.3333333333330,0.48196721,0.38991836,72334.08814036890
Franciscan University Of Steubenville,2,357.6666666666670,0.62348557,0.69340795,140660.6259028430
Franklin & Marshall College,1,414.6666666666670,0.48954985,0.57183206,281373.8708551050
Franklin Career Institute,1,60,0.91666669,0.14996074,39662.83984375
Franklin College Of Indiana,2,251.6666666666670,0.52052981,0.71523273,104945.5755587750
Franklin Pierce University,1,418,0.4968102,0.51303923,107246.1930447570
Franklin University,2,125,0.62666667,0.52510393,75003.68295833330
Freed Hardeman University,3,306.6666666666670,0.54565215,0.76035464,94981.278515625
Fresno Pacific University,4,160.6666666666670,0.69294608,0.7836647,83954.31627658190
Friends University,2,197.3333333333330,0.5608108,0.6373685,101131.9605943840
Gallaudet University,3,125.3333333333330,0.53191489,0.32610452,97807.64918550530
Galveston College,3,234,0.59188032,0.35298809,61276.83333333330
Gannon University,1,493.6666666666670,0.59756923,0.65811163,97523.95604215900
Garden City Community College,2,438.6666666666670,0.48404256,0.53274381,65635.43233520140
Gardner - Webb University,3,308,0.57575756,0.67279464,102555.4919169370
Garrett College,3,154,0.43939394,0.51193547,62906.71320346320
Gene Juarez Beauty Schools,4,138.3333333333330,0.93734938,0.47348315,90313.84472891570
Geneva College,1,320,0.54895836,0.7396397,96639.6970703125
George Fox University,4,296.3333333333330,0.61192352,0.72754705,109181.3765642580
Georgetown College,3,292,0.57876712,0.74062014,125551.1404109590
Georgia Piedmont Technical College,3,469.3333333333330,0.51775569,0.28711006,56759.16172651810
Georgia Southwestern State University,3,268,0.62313432,0.58438325,80580.12965446210
Georgian Court University,1,152.3333333333330,0.97811818,0.54505438,117901.9835031460
Glendale Career College,4,172,0.76550388,0.34147748,53849.61800508720
Glenville State College,3,284.6666666666670,0.4882904,0.59509158,59424.31323871120
Globe University,2,139,0.67625898,0.4250845,79880.58179706240
Gogebic Community College,2,153,0.47385621,0.53197873,102457.4973958330
Goldey-Beacom College,3,109.5,0.4977169,0.49083677,109674.0338541670
Gordon College,1,398.6666666666670,0.64966553,0.72969699,136055.8090444710
Goshen College,2,168.3333333333330,0.60198021,0.67481667,135334.0398824260
Goucher College,3,278.3333333333330,0.7053892,0.5346781,174037.2532934130
Grace College And Theological Seminary,2,224.3333333333330,0.58246654,0.78883553,86975.29310224740
Graceland University,2,170.5,0.57478005,0.6773985,88871.2421875
Grambling State University,3,815.6666666666670,0.53739274,0.18649273,47434.05128090520
Grand Canyon University,4,115,0.67826086,0.64292312,116612.5754076090
Grand View University,2,163.6666666666670,0.66802442,0.65682054,84209.74992044300
Grays Harbor College,4,294.6666666666670,0.54524887,0.47959512,63586.2595623586
Great Basin College,4,246.6666666666670,0.56756759,0.5547474,84606.50800253380
Great Falls College Montana State University,4,204.6666666666670,0.70032573,0.52889317,65062.72650524230
Green Mountain College,1,155.6666666666670,0.44753748,0.44745073,123650.6112152040
Greenfield Community College,1,363.6666666666670,0.53253895,0.41624087,85922.04667449590
Greensboro College,3,157.6666666666670,0.47780126,0.5815593,164265.7090876060
Greenville College,2,199,0.46901172,0.76091379,94885.63357150340
Grinnell College,2,311,0.56591642,0.52433735,187666.0392718380
Guilford College,3,243,0.52263373,0.45325154,158172.9270833330
Gwynedd Mercy University,1,187.3333333333330,0.77758008,0.61892176,110224.1635064500
H. Councill Trenholm State Technical College,3,194.5,0.53470439,0.22699794,44264.98828125
Halifax Community College,3,238,0.60784316,0.2683163,41218.5178352591
Hallmark College Of Technology,3,108.5,0.29953918,0.41745961,56981.625
Hamilton College,1,437.3333333333330,0.52515244,0.59373504,333233.7668635670
Hamline University,2,389.6666666666670,0.64071858,0.59065008,124200.5220140080
Hampden Sydney College,3,250.6666666666670,0.0079787234,0.64348096,232201.7823096740
Hampshire College,1,281.3333333333330,0.57464457,0.38644826,254318.3370853080
Hannibal - Lagrange University,2,162.6666666666670,0.64549178,0.74982899,80959.72054303280
Hanover College,2,260.3333333333330,0.54929578,0.71513873,135724.4078104990
Harcum College,1,68.66666666666670,0.92233008,0.40645123,104427.1542779130
Hardin-Simmons University,3,334.3333333333330,0.52791625,0.76722729,105833.1693045860
Harrington College Of Design,2,105,0.90158731,0.48321429,117790.4024305560
Harris - Stowe State University,2,140.6666666666670,0.64928907,0.24533063,56527.25284175060
Hartwick College,1,324.6666666666670,0.56262833,0.58056754,140480.0930120640
Harvey Mudd College,4,164,0.3211382,0.54920626,207971.9583333330
Hastings College,2,225.6666666666670,0.50221568,0.72057533,104919.0304883680
Haverford College,1,285.6666666666670,0.54492414,0.55709392,299314.8134845390
Haywood Community College,3,211,0.45971563,0.54245073,62371.057476797
Heidelberg University,2,246.3333333333330,0.48579162,0.64127046,91395.07079879910
Helena College University Of Montana,4,157,0.35456476,0.57953215,70864.67459527600
Hendrix College,3,223.5,0.5816555,0.58341682,135000.921875
Heritage College,2,414,0.80917877,0.40329671,68216.25520833330
Herzing University,2,260.5,0.41266796,0.44848731,73344.64583333330
Hesston College,2,134,0.49751243,0.71899831,90859.4141596704
Hickey College,2,159.5,0.76489025,0.52038407,69202.984375
High Point University,3,346.3333333333330,0.59672761,0.57912076,117876.3524046560
"Highland Community College of Freeport, IL",2,345,0.59710145,0.49719694,70253.53645833330
"Highland Community College of Highland, KS",2,403.8333333333330,0.48039621,0.57230395,75163.75163794880
Hilbert College,1,117.6666666666670,0.58356941,0.55927777,73850.66202638100
Hill College,3,489,0.53442401,0.55910116,68220.47953412580
Hinds Community College,3,2288.333333333330,0.53386742,0.33824822,58763.06107918340
Hiram College,2,213.3333333333330,0.52812499,0.59423757,99625.80600585940
Hobart And William Smith Colleges,1,418.5,0.59139782,0.50780642,260255.515625
Hodges University,3,85.5,0.73099416,0.41394433,71757.28385416670
Hohokus School - RETS/Nutley,1,64,,0.32172775,58391.98177083330
Hollins University,3,172.6666666666670,0.99420851,0.53818524,200218.9820222010
Holy Family University,1,244,0.75956285,0.61592591,85012.39293032790
Hood College,3,127,0.88976377,0.54918218,104035.5286458330
Houghton College,1,287,0.63298488,0.73098034,98574.10917537750
Houston Baptist University,3,289.3333333333330,0.68548387,0.60902065,130689.7650129610
Howard County Junior College District,3,432.5,0.57225436,0.53113055,64821.9453125
Howard Payne University,3,267.3333333333330,0.45885286,0.64601624,89388.52990570450
Hudson County Community College,1,719,0.56142789,0.28867301,44189.75577516520
Huntingdon College,3,128.6666666666670,0.63471502,0.61219114,117397.4848809910
Huntington University,2,170.5,0.58357769,0.82354099,103438.3203125
Husson University,1,238.6666666666670,0.59078211,0.58215493,71795.32772673710
IBMC College,4,73.5,0.84353739,0.53482848,54957.64322916670
Illinois And Ohio Center For Broadcasting,4,97.5,0.36923078,0.30883443,78434.73697916670
Illinois College,2,229,0.5385735,0.6808551,111745.7367631000
Illinois Institute Of Art ,2,454.6666666666670,0.48900294,0.40956789,105640.1119696210
Illinois Institute Of Technology,2,244.6666666666670,0.26839238,0.60234845,112794.7827188350
Illinois School Of Health Careers,2,94,0.95212764,0.12407415,47502.23958333330
Immaculata University,1,127.3333333333330,0.92670155,0.60332799,141659.1859047780
Imperial Valley College,4,885.6666666666670,0.53970641,0.44006106,48809.86005274980
Independence Community College,2,170,0.47647059,0.49261394,64570.40234375
Indiana Institute Of Technology,2,147.5,0.37627119,0.50337768,76339.20833333330
Institute For Business & Technology,3,115.5,0.70129871,0.32116267,58626.33984375
Institute Of Audio Research,1,168.5,0.10682493,0.22155727,63625.13151041670
Institute Of Production And Recording ,2,109,0.091743119,0.27140558,88928.34895833330
Interactive College Of Technology,3,92,0.55434781,0.30873829,39834.22265625
Intercoast Colleges,1,82.5,0.78787881,0.33922279,44437.31901041670
"International Business College of Fort Wayne, IN",2,262,0.69656491,0.51691157,67022.0234375
International Career Development Center,4,215,0.73023254,0.23218314,36129.47395833330
Isothermal Community College,3,276.6666666666670,0.57951808,0.49603683,63790.3296498494
Itawamba Community College,3,733,0.56070942,0.49338296,58231.74739583330
ITI Technical College,3,92,0.086956523,0.47069141,66096.00260416670
Jackson State University,3,923.6666666666670,0.60664022,0.2084779,50561.09419546190
Jacksonville University,3,259,0.46718147,0.54242557,132678.0104166670
James Sprunt Community College,3,136,0.6397059,0.41649598,50466.63605813420
Jamestown College,2,207,0.57004833,0.67858803,80801.125
Jefferson Davis Community College,3,150,0.58333331,0.42608756,56457.80598958330
John Brown University,3,234.5,0.53944564,0.81902176,115449.0755208330
John Wood Community College,2,399,0.59273183,0.59273475,68192.78385416670
Johnson College,1,117,0.21652421,0.50891173,64881.88214476500
Johnson University,3,143.6666666666670,0.50812066,0.78989154,89472.1640625
Johnston Community College,3,436.6666666666670,0.61984736,0.51168984,66438.27051228530
Judson University,2,158,0.54219407,0.71100515,112884.7663337290
Juniata College,1,292.6666666666670,0.57289296,0.68300217,104523.1913884540
Kalamazoo College,2,317,0.55941117,0.58756334,190716.3059279710
Kankakee Community College,2,465.5,0.57894737,0.50720233,75771.49739583330
Kansas City Art Institute,2,102.5,0.57398373,0.40753841,164667.6675558940
Kansas Wesleyan University,2,63.33333333333330,,0.6767621,86824.24440789470
Keiser University,3,452.3333333333330,0.61164331,0.35896763,61606.95202825630
Kentucky Christian University,3,116,0.53304595,0.75846958,83473.00722880750
Kentucky State University,3,330.1666666666670,0.54618877,0.33855453,61212.63742861880
Kentucky Wesleyan College,3,147,0.49659863,0.65304631,88167.26364087300
Kenyon College,2,402,0.55638474,0.52355683,360158.4906198180
Keuka College,1,199.3333333333330,0.69565219,0.63045371,72568.87698578600
Keystone College,1,238.3333333333330,0.5160839,0.47914267,73812.28425480770
Kiamichi Technology Center,3,111,0.54504502,0.5335536,41781.63932291670
King University,3,121.6666666666670,0.63287669,0.70002967,175558.9492936640
King's College,3,126.5,0.74703556,0.33353287,56307.80208333330
"King's College of Wilkes-Barre, PA",1,368.6666666666670,0.50994575,0.64980233,112238.2986974460
Kingsborough Commmunity College/CUNY,1,1624.666666666670,0.50594991,0.32177314,56519.94413277080
Klamath Community College,4,128,0.6015625,0.48975748,56753.79427083330
Knox College,2,240,0.54444444,0.57451469,132051.7696180560
La Roche College,1,212.6666666666670,0.61285269,0.57308966,88946.96222325630
La Sierra University,4,205,0.57398373,0.56604177,114744.1669207320
Labette Community College,2,165.5,0.55589122,0.58603078,64082.93619791670
Lackawanna College,1,274,0.3941606,0.41304505,67098.66686150400
Lafayette College,1,488,0.50614756,0.64583045,290379.4021516390
Lagrange College,3,154,0.61904764,0.65587074,125953.0180262450
Lake Area Technical Institute,2,360.3333333333330,0.41535616,0.65384692,64178.47793203630
Lake Erie College,2,84.66666666666670,0.75984251,0.52591568,114317.9965551180
Lake Forest College,2,270.5,0.58595192,0.57693034,249870.7552083330
Lake Region State College,2,242.6666666666670,0.47390109,0.57997221,62696.70971411400
Lake Sumter State College,3,467.6666666666670,0.58945119,0.49919537,72138.34001637120
Lake Superior State University,2,482.3333333333330,0.48306841,0.60599256,88844.06646833970
Lake Tahoe Community College,4,340.6666666666670,0.49412915,0.3746646,86911.49272260270
Lake Washington Institute Of Technology,4,235.3333333333330,0.41926345,0.44216874,101788.3454209460
Lakeland College,2,176,0.48863637,0.56202328,95498.16219815340
Lakes Region Community College,1,192.6666666666670,0.33217993,0.51164353,79775.30539035470
Lakeshore Technical College,2,387.3333333333330,0.55421686,0.58834541,75856.44758498280
Lamar Community College,4,142,0.48474178,0.56141078,60040.78559639080
Lamar Institute Of Technology,3,437.3333333333330,0.36966464,0.44961339,62884.57204232570
Lamar State College - Orange,3,259.5,0.63198459,0.49959874,72770.76302083330
Lamar State College - Port Arthur,3,444,0.59684682,0.43646166,70101.71850952520
Lancaster Bible College,1,136,0.58088237,0.82795435,85907.23958333330
Lander University,3,436,0.61850154,0.60396624,97607.63460435780
Landmark College,1,90,0.33333334,0.26200655,463387.3407407410
Langston University,3,374.6666666666670,0.5142349,0.21023108,55501.56556522460
Lanier Technical College,3,302.6666666666670,0.52533042,0.52451712,76528.74300488710
Laramie County Community College,4,489.6666666666670,0.56024504,0.57793391,81563.38688627470
Laredo Community College,3,1331.333333333330,0.52704054,0.39421958,41084.45408053490
Lasell College,1,203,0.73645318,0.47036147,124633.0286458330
Lassen College,4,292,0.43493152,0.47789365,75203.63295519410
Latter Day Saints Business College,4,245.5,0.592668,0.80967766,99330.52604166670
Lawrence Technological University,2,294.6666666666670,0.26696834,0.58825362,109074.7454220870
Lawrence University Of Wisconsin,2,283.3333333333330,0.54000002,0.58409798,190990.8302573530
Le Cordon Bleu College Of Culinary Arts In Chicago,2,129.3333333333330,0.34793815,0.35845265,86131.95455460700
"Le Cordon Bleu College Of Culinary Arts of Dallas, TX",3,87.33333333333330,0.31870228,0.40281844,141942.2079258110
"Le Cordon Bleu College Of Culinary Arts of Pasadena, CA",4,131.6666666666670,0.37468356,0.36449561,98614.81077927220
"Le Cordon Bleu College Of Culinary Arts of Scottsdale, AZ",4,234.8333333333330,0.33002129,0.39659822,84844.49257008520
"Le Cordon Bleu College Of Culinary Arts of Tucker, GA",3,247.6666666666670,0.35262451,0.40973011,85374.98430139640
Lebanon Valley College,1,355.6666666666670,0.5651359,0.71686924,122939.3391225400
Lees-Mcrae College,3,140.5,0.53380781,0.57779813,120698.0416666670
Lenoir Community College,3,306.6666666666670,0.5467391,0.43347511,59802.19614045520
Lenoir-Rhyne University,3,219,0.59512937,0.65434253,137077.3016076860
Lesley University,1,251,0.75431609,0.44186538,160368.5921314740
Letourneau University,3,263,0.27629912,0.72522378,116460.6069886720
Lewis & Clark College,4,370.6666666666670,0.60341728,0.47775823,234572.6135060700
Lewis University,2,396.3333333333330,0.48191759,0.56415528,109028.2981037110
Lewis-Clark State College,4,355.3333333333330,0.54221386,0.62077421,77156.06699988270
Lim College,1,70.66666666666670,0.95754719,0.47049659,109684.0965507080
Limestone College,3,133.3333333333330,0.48374999,0.52594805,104596.1854296880
Lincoln Christian University,2,127,0.51968503,0.78667134,90916.86979166670
Lincoln College,2,336,0.48809522,0.45176059,119789.3926013770
Lincoln College Of New England,1,113.6666666666670,0.79472142,0.36055207,80374.39154142230
Lincoln Memorial University,3,111,0.68018019,0.7343365,76939.5703125
Lincoln Technical Institutes And Lincoln College Of Technology,1,294.6666666666670,0.37669683,0.30926192,50034.96171521490
"Lincoln University of Lincoln University, PA",1,290,0.59080458,0.20173524,59247.74071928880
Lindsey Wilson College,3,268.6666666666670,0.5756824,0.55525482,58522.28639694480
Linfield College,4,387,0.59560722,0.66808361,151461.1333575580
Linn State Technical College,2,302.6666666666670,0.094713658,0.68673348,68328.11670997380
Lipscomb University,3,482.6666666666670,0.55870163,0.71781135,198450.3993655040
Lively Technical Center,3,90.5,0.43093923,0.32136381,64204.72005208330
Loras College,2,344.6666666666670,0.52998066,0.69963342,133681.9858105660
Lorenzo Walker Institute Of Technology,3,78,0.68803418,0.27459243,53226.32128071580
Louisiana College,3,201.3333333333330,0.56456953,0.66209108,94438.74917218540
Lourdes University,2,56,,0.66517067,82712.015625
Lubbock Christian University,3,228.5,0.53829324,0.74171823,81575.27864583330
Luna Community College,4,167.3333333333330,0.52191234,0.28887439,38609.84485495520
Lurleen B. Wallace Community College,3,231.6666666666670,0.56690645,0.50142699,58038.21911533270
Lycoming College,1,318.3333333333330,0.54136127,0.63568717,110366.3840150520
Lynn University,3,299.5,0.49582636,0.39734733,435533.1875
Macalester College,2,367.6666666666670,0.61196738,0.52667254,190321.244744447
MacMurray College,2,147.6666666666670,0.49209931,0.58458394,78056.89261780470
Madison Media Institute,2,86,0.13953489,0.39863804,88400.3359375
Madonna University,2,207,0.75362319,0.65781718,106855.6927083330
Maine Maritime Academy,1,145.6666666666670,0.18306637,0.65256411,105901.4884689650
Malone University,2,343.6666666666670,0.61105722,0.74268663,96557.3539418647
"Manchester Community College of Manchester, NH",1,481.6666666666670,0.46574396,0.46564963,90602.23283953290
Manchester University,2,253.3333333333330,0.55526316,0.67333835,93671.60890213820
Manhattanville College,1,295.6666666666670,0.68545657,0.4664441,158690.2926648820
Manor College,1,85.5,0.74269009,0.43955529,87318.25
Maranatha Baptist University,2,188,0.53457445,0.81171733,85475.44270833330
"Marian University of Fond Du Lac, WI",2,200.3333333333330,0.71381032,0.63236618,99092.84120216310
Marietta College,2,243,0.47530866,0.65604329,107997.0706447190
Marion Technical College,2,295,0.60000002,0.56688595,66558.90022951980
Mars Hill University,3,233,0.49070099,0.60237968,90697.00203415590
Marshalltown Community College,2,366.5,0.45702592,0.56928807,71407.3046875
Martin Community College,3,103.3333333333330,0.66129035,0.36681938,51348.22933467740
Martin Methodist College,3,66,,0.57260239,60384.85416666670
Mary Baldwin College,3,172.5,0.99710143,0.5008744,98419.53385416670
Maryland Institute College Of Art,3,173,0.59152216,0.45220393,175654.4552625240
Marymount California University,4,110,0.5090909,0.38332346,298825.9479166670
Marymount Manhattan College,1,368.3333333333330,0.73212671,0.38395315,182420.3035067870
Marymount University,3,245,0.74557823,0.53409296,157915.8233630950
Maryville College,3,213.6666666666670,0.54992199,0.66435897,100031.3064181940
Maryville University Of Saint Louis,2,256,0.76302081,0.70417225,114975.1811726890
Marywood University,1,268.3333333333330,0.731677,0.59956527,99943.3702833851
Massachusetts College Of Art And Design,1,249.3333333333330,0.62433153,0.3992655,123966.8098157590
Massachusetts College Of Liberal Arts,1,227.6666666666670,0.60761344,0.51782608,94130.05305179360
Massachusetts Maritime Academy,1,190.3333333333330,0.1295972,0.60545921,148180.0616517080
Master's College & Seminary ,4,213.6666666666670,0.56162244,0.77954805,142117.1265844380
Mayland Community College,3,110,0.61515152,0.59472686,54350.17324810610
Maynard A. Traviss Career Center,3,112.3333333333330,0.53264093,0.42802745,57052.26473247400
Mayville State University,2,115.6666666666670,0.50432277,0.63806057,74993.64929304760
McDaniel College,3,357.6666666666670,0.55265611,0.63902742,141780.5286579680
McDowell Technical Community College,3,168,0.57936507,0.49189442,54833.30154079860
McKendree University,2,260.6666666666670,0.59718668,0.7122885,99608.19550231780
McMurry University,3,224.3333333333330,0.51708764,0.6709826,87659.23144966570
McNally Smith College Of Music,2,122.5,0.15918367,0.46367347,119788.2682291670
McPherson College,2,101.3333333333330,0.39473686,0.51457763,80834.3466796875
MCPHS University,1,173.5,0.70605189,0.65790105,99969.6640625
Medaille College,1,152.6666666666670,0.67467248,0.53300458,82225.44793941050
Medtech College,3,194,0.95360827,0.16954522,42425.56770833330
Mendocino College,4,482,0.5,0.41940743,78956.25671572440
Merced Community College,4,1336.333333333330,0.53629333,0.44095328,59779.38897149380
Meredith College,3,366.3333333333330,0.9963603,0.71022981,167365.0892857140
Meridian Community College,3,613.5,0.61613691,0.40159157,56043.56119791670
Merrimack College,1,483.6666666666670,0.52653342,0.62110037,140250.9202489660
Methodist University,3,401,0.34829593,0.53155059,84306.98981712390
Metro Business College,2,83.5,0.88622755,0.53796744,51183.05598958330
Miami Dade Community College System,3,7259.333333333330,0.54674441,0.32839862,58307.22779690230
Miami International University Of Art & Design,3,202.5,0.58106995,0.31845498,78835.54670138890
Mid-Plains Community College,2,472.3333333333330,0.53140438,0.60391819,65639.15702463390
Mid-South Community College,3,189.3333333333330,0.61619717,0.2996473,50871.69496176280
Midamerica Nazarene University,2,241.6666666666670,0.51862067,0.71916711,102884.2500431030
"Middlesex Community College of Middletown, CT",1,300,0.52666664,0.38438308,91458.08242187500
Midland University,2,196,0.56632656,0.74961144,89194.88020833330
Midred Elley College And Austin's School Of Spa Technology,1,118.5,0.81434602,0.2384138,51268.00130208330
Midwest Technical Institute,3,56,,0.36296216,56525.7578125
"Milan Institute of Palm Desert, CA",4,242,0.88636363,0.41320801,47744.546875
"Milan Institute of Sparks, NV",4,195,0.88461536,0.33494353,54411.34244791670
Miles Community College,4,107.3333333333330,0.48602486,0.61352956,61632.16191527560
Miller-Motte Technical College & McCann School Of Business & Technology,1,187,0.80213904,0.40724736,49657.28479417340
Milligan College,3,164.6666666666670,0.59514171,0.77361256,130315.0382717610
Mills College,4,115,0.99130434,0.47200856,167050.5976449280
Millsaps College,3,247,0.54251009,0.63539433,190727.7927631580
Milwaukee Institute Of Art & Design,2,129.6666666666670,0.51156813,0.48988917,111424.4243854440
Milwaukee School Of Engineering,2,362.6666666666670,0.15533088,0.64008731,124040.1779210710
Minneapolis Business College,2,150,0.74333334,0.56553328,67014.14583333330
Minneapolis College Of Art & Design,2,125.3333333333330,0.42819148,0.42526275,138343.4442320480
Minnesota School Of Business,2,302.6666666666670,0.60022026,0.43632939,94506.82310022030
Misericordia  University,1,237.3333333333330,0.70505619,0.65359992,107451.2273305830
Mississippi College,3,407.6666666666670,0.55600983,0.76006317,123844.5132231190
Mississippi Delta Community College,3,644.5,0.59736228,0.27818215,46309.015625
Mississippi University For Women,3,232.5,0.83655912,0.6281969,77320.90625
Mississippi Valley State University,3,314,0.57484078,0.1937815,41338.79817708330
Missouri Baptist University,2,190,0.60877192,0.69145566,99525.44762883770
Missouri College,2,189.6666666666670,0.88224953,0.32572383,49224.76626002310
Missouri State University - West Plains,2,228.5,0.5973742,0.63949245,54408.81640625
Missouri Valley College,2,243.5,0.43737167,0.57555741,74198.88802083330
Mitchell College,1,155,0.46774194,0.38548803,180719.8958333330
Mitchell Community College,3,337.6666666666670,0.63474828,0.4651953,75533.39030108590
Mitchell Technical Institute,2,225,0.24444444,0.65438241,69268.23958333330
Mohave Community College,4,592.3333333333330,0.5807541,0.43458474,56676.10853527720
Monmouth College,2,258.6666666666670,0.54510307,0.6862331,110877.368063386
Monroe College,1,928.3333333333330,0.65457809,0.14089283,33202.24348490800
Montana State University - Northern,4,232.3333333333330,0.45624104,0.61411512,67140.27200838410
Montana Tech Of The University Of Montana,4,337,0.38674581,0.62296385,74936.85047292280
Montcalm Community College,2,267.5,0.65420562,0.59960192,66213.10416666670
Montgomery Community College,3,104.6666666666670,0.58917195,0.43378404,58065.27618680330
Moody Bible Institute,2,355.6666666666670,0.46110591,0.79610622,91256.3302263941
Moore Norman Technology Center School District No. 17,3,207.6666666666670,0.47030497,0.49088925,65607.30646819820
Moravian College,1,322,0.61180127,0.65276974,129114.4296875
Morningside College,2,170.3333333333330,0.63405091,0.67008138,82035.8015533268
Morton College,2,690.3333333333330,0.56880736,0.38351721,57927.97457636710
Moultrie Technical College,3,211.5,0.68085104,0.33148181,40448.7109375
Mount Aloysius College,1,182.5,0.71232879,0.63473904,74616.27864583330
Mount Holyoke College,1,404.6666666666670,0.99670511,0.48539832,194481.11623507
Mount Ida College,1,256,0.58463544,0.38508904,96558.23164876300
Mount Marty College,2,137,0.75547445,0.69883466,77565.328125
Mount Mary University,2,85.33333333333330,0.984375,0.52027094,91833.02856445310
Mount Mercy University,2,152.5,0.71803278,0.7183367,92016.7578125
Mount Saint Mary College,1,278.3333333333330,0.7053892,0.55958039,109246.9207522460
Mount Saint Mary's University,3,301.5,0.53067994,0.62282288,146819.9583333330
Mount St. Mary's College,4,222.3333333333330,0.988006,0.46282801,67906.38965282980
Mount Vernon Nazarene University,2,344,0.57751936,0.75805026,94553.54348352710
Mount Wachusett Community College,1,499.6666666666670,0.51567709,0.44078699,80260.45608009510
Mountain Empire Community College,3,416.3333333333330,0.56445158,0.55278534,52755.37215710070
MTI College,4,98,0.62244898,0.42521548,56079.01004464290
Multnomah University,4,120,0.55000001,0.77633077,102629.9543185760
Musicians Institute,4,170.5,0.18768328,0.28815848,116335.8802083330
Muskingum University,2,379.6666666666670,0.50131696,0.68614471,107087.1138608430
Nash Community College,3,374.6666666666670,0.58540922,0.43625298,66139.25770129000
Nashua Community College,1,304,0.43092105,0.48142672,92566.07741399400
National College,3,242.6666666666670,0.86813188,0.40255103,43822.68748926860
National College Of Business And Technology,3,56.33333333333330,,0.34343642,52785.01014700440
National Park Community College,3,323.3333333333330,0.59278351,0.51752985,60201.63908666240
Nationwide Beauty Academy,2,161.5,0.94427246,0.56152076,67115.390625
Nazareth College Of Rochester,1,350.3333333333330,0.74024737,0.67467672,125568.3928252850
Nebraska Wesleyan University,2,327.3333333333330,0.54989815,0.74488354,118685.4893990260
Neumann University,1,277,0.56799036,0.51617986,100182.2505640790
Nevada State College,4,55.5,,0.63244408,114253.7708333330
New Castle School Of Trades,1,82.5,0.012121212,0.33624691,57882.89583333330
New England College,1,182.3333333333330,0.48811701,0.54126394,161720.5338208410
New England Culinary Institute,1,89,0.32022473,0.44614711,139945.0572916670
New England Institute Of Art ,1,273,0.22100122,0.35712895,96417.09069749690
New Mexico Highlands University,4,227.3333333333330,0.51759529,0.42403561,63212.54701246330
New Mexico Institute Of Mining & Technology,4,194,0.24398625,0.55509168,101146.0309278350
New Mexico Junior College,4,352.3333333333330,0.49290445,0.50643587,64578.3256822079
New Mexico Military Institute,4,107.5,0.12093023,0.53963584,104242.9869791670
New York City College Of Technology Of The City University Of New,1,1488.333333333330,0.4450168,0.2838347,44382.75898831190
Newberry College,3,148.3333333333330,0.44494382,0.58970016,104293.1712956460
Newman University,2,123.5,0.61538464,0.71841276,126922.1666666670
Niagara University,1,495,0.58451176,0.58892775,115038.437037037
Nichols College,1,222,0.37612614,0.54068261,116099.6927083330
Nicolet Area Technical College,2,252,0.55291003,0.53570527,70251.93835772160
Norfolk State University,3,979.3333333333330,0.60959834,0.24161606,57969.45946966470
North Arkansas College,3,331.3333333333330,0.54527164,0.62583512,56690.36981262580
North Carolina Wesleyan College,3,178.3333333333330,0.58504671,0.42994827,88618.65880549070
North Central College,2,389.8333333333330,0.59042329,0.64805901,143799.5913351060
North Central Kansas Technical College,2,139,0.11151079,0.64476061,74786.25520833330
North Central Michigan College,2,373.6666666666670,0.59500444,0.54818577,79873.58936635820
North Central Missouri College,2,170.5,0.61583579,0.65635186,60546.9765625
North Central University,2,252,0.58531743,0.77255654,85083.23958333330
North Country Community College,1,211,0.58293837,0.48503956,68275.6875
North Florida Community College,3,189.3333333333330,0.5193662,0.48660848,58487.7636168574
North Georgia Technical College,3,206.5,0.50847459,0.40258044,58442.54817708330
North Greenville University,3,318.5,0.54160124,0.78031665,94195.60677083330
North Park University,2,298.6666666666670,0.57589287,0.61235207,120479.3630894250
North Seattle College,4,438.6666666666670,0.48708206,0.42457801,89598.73707316210
Northcentral Technical College,2,480.1666666666670,0.52690041,0.60646373,74459.95700820030
Northeast Alabama Community College,3,294.5,0.57555181,0.62989056,58926.65234375
Northeast Texas Community College,3,413.3333333333330,0.54919356,0.517636,60902.8164094002
Northeastern Junior College,4,369,0.49954832,0.62166923,74604.52107328370
Northeastern Oklahoma A & M College,3,390.6666666666670,0.45307168,0.55006599,56321.49891678220
Northeastern Technical College,3,177,0.69491524,0.4020597,54520.09635416670
Northern Wyoming Community College District,4,374.6666666666670,0.56672597,0.5811497,76549.24514151470
Northland College,2,153.6666666666670,0.53796095,0.49803078,112573.0503491050
Northland Pioneer College,4,400.3333333333330,0.61865115,0.44657105,57245.83316637180
Northwest College,4,337,0.5529179,0.63780242,60659.97496290800
Northwest Iowa Community College,2,244.3333333333330,0.33560708,0.71579009,74053.16262363570
Northwest Kansas Technical College,2,110,0.17272727,0.53359562,61772.1953125
Northwest Nazarene University,4,263.3333333333330,0.55822784,0.75305003,105627.5698971520
Northwest State Community College,2,457,0.595186,0.63609803,76535.109375
Northwest University,4,159.5,0.67398119,0.79731214,102250.2109375
"Northwestern College of Bridgeview, IL",2,464,0.7270115,0.29688042,50062.5856793283
"Northwestern College of Orange City, IA",2,287,0.62369341,0.77741343,94237.08415904470
Northwestern Connecticut Community College,1,201.6666666666670,0.56198347,0.42292818,81155.06486311980
Northwestern Oklahoma State University,3,277.3333333333330,0.49759614,0.68752855,65991.85817307690
Norwich University,1,374,0.24420677,0.61181688,108692.2225448420
Notre Dame Of Maryland University,3,135.6666666666670,0.98280096,0.54554474,98366.3195254914
Nova Southeastern University,3,286.3333333333330,0.69615835,0.49463427,101304.9713602300
Nyack College,1,262.6666666666670,0.59517765,0.5878588,75695.48290767770
Oakland City University,2,153.5,0.50814331,0.6098212,65707.51822916670
Occidental College,4,380,0.58859646,0.46162519,254125.550095943
Ogeechee Technical College,3,363.6666666666670,0.64252979,0.39032707,55462.181291533
Oglethorpe University,3,145.6666666666670,0.604119,0.56351686,138330.0905320370
Ohio Dominican University,2,169.6666666666670,0.70726913,0.59600896,81938.66217460710
Ohio Wesleyan University,2,389,0.5192802,0.61806375,198230.1695988650
Okefenokee Technical College,3,169,0.64201182,0.44788709,45798.27994791670
Oklahoma Baptist University,3,341,0.60557187,0.79776967,117229.0234375
Oklahoma Christian University,3,374.6666666666670,0.50622773,0.77539432,105626.3338940170
Oklahoma City University,3,214.5,0.66200465,0.62550265,123336.59375
Oklahoma Panhandle State University,3,183,0.48451731,0.64524555,65885.81030851550
Olivet College,2,140,0.42619047,0.50291985,74365.1742373512
Olivet Nazarene University,2,415.6666666666670,0.5541299,0.72255009,97424.35264635120
Olympian Academy Of Cosmetology,4,105,0.93809521,0.42115656,60568.97395833330
Orange Technical Education Centers - Orlando Technical,3,172.3333333333330,0.55125725,0.36016124,55230.72622249760
Orangeburg - Calhoun Technical College,3,410.3333333333330,0.63606822,0.29694793,51102.9207834078
Oregon Institute Of Technology,4,312.6666666666670,0.41577825,0.62646729,81399.91427905120
Orleans Technical Institute,1,78.5,0.18471338,0.19047533,56280.88411458330
Otero Junior College,4,231.3333333333330,0.5259366,0.48782909,62016.71735973520
Otis College Of Art & Design,4,124,0.71774191,0.3368251,191723.46875
Ottawa University,4,96,0.44791666,0.55295604,72076.0625
Otterbein University,2,474.3333333333330,0.61349261,0.6684373,124863.6244949050
Ouachita Baptist University,3,297.5,0.55462188,0.75106061,106601.0807291670
Our Lady Of Holy Cross College,3,129.3333333333330,0.7474227,0.57924396,111970.646222616
Our Lady Of The Lake College,3,148.3333333333330,0.85842699,0.6088649,94505.85953300560
Our Lady Of The Lake University,3,242.6666666666670,0.76923078,0.47064355,53909.98156872420
Ozark Christian College,2,186.6666666666670,0.51071429,0.72365808,75367.17772042410
Pacific Union College,4,233,0.53648067,0.62284768,175658.9375
Pacific University,4,240,0.62083334,0.61115921,104811.5420572920
Paine College,3,176,0.70738637,0.24559337,51830.06640625
Palm Beach Atlantic University,3,361,0.65927976,0.71113503,179931.6458333330
Panola College,3,345.3333333333330,0.58783782,0.50975567,68149.20968569020
Passaic County Community College,1,521.6666666666670,0.58019167,0.291596,49697.7530476238
Patrick Henry Community College,3,303.3333333333330,0.5758242,0.48690754,58868.54943337910
Paul D. Camp Community College,3,172,0.58914727,0.40221521,58957.18546360220
"Paul Mitchell The School of Costa Mesa, CA",4,227,0.92290747,0.60377079,131895.1171875
Paul Smith's College Of Arts & Sciences,1,252,0.29100528,0.49730739,79745.361328125
PCI Health Training Center,3,172.5,0.91884059,0.23690335,58856.97005208330
Pearl River Community College,3,783.3333333333330,0.56680852,0.50094402,59847.32457613030
Peninsula College,4,316,0.5,0.45821464,74234.53556830170
Pennsylvania Highlands Community College,1,200,0.48249999,0.53796321,61798.3046875
Perry Technical Institute,4,71.5,0.083916083,0.54488003,90468.86979166670
Peru State College,2,160.3333333333330,0.48232847,0.63694978,72868.46015787420
Pfeiffer University,3,129.5,0.52123553,0.664105,104173.8984375
Philadelphia University,1,494,0.64372468,0.55356848,125461.7983194160
Philander Smith College,3,110.6666666666670,0.59337348,0.15624905,37358.83361375190
Phillips Community College Of The University Of Arkansas,3,258,0.66149873,0.33135593,39558.17215257590
Piedmont College,3,139.3333333333330,0.59808612,0.62659401,100004.1550538280
Piedmont Community College,3,216.6666666666670,0.56461537,0.38876852,56907.4897235577
Piedmont Technical College,3,639.3333333333330,0.60688215,0.38924801,55941.88931544900
Pima Medical Institute,4,812.6666666666670,0.88720262,0.40590343,57655.77800707550
Pinellas Technical Education Center - Clearwater Campus,3,151.6666666666670,0.3978022,0.26654708,58537.35534426510
Pinnacle Career Institute,2,68.33333333333330,0.17073171,0.39802241,60238.06204268290
Pioneer Pacific College,4,191.6666666666670,0.7704348,0.4737606,60778.20379076090
Pittsburgh Institute Of Aeronautics,1,148.3333333333330,0.031460673,0.55354381,78111.36346558990
Pitzer College,4,192,0.61979169,0.47573745,434121.4143880210
Pivot Point Academy,2,113.5,0.969163,0.5079248,92460.73958333330
"Platt College of Alhambra, CA",4,99.66666666666670,0.36789298,0.3460218,61987.96098975750
"Platt College of Tulsa, OK",3,220.5,0.84807259,0.39269525,54152.59244791670
Plaza College,1,159,0.6572327,0.17339855,35951.21875
Point Park University,1,314,0.63269639,0.505162,98534.29028164810
Pomona College,4,369.3333333333330,0.4963899,0.53814775,324439.5015794220
Post University,1,132,0.6540404,0.40314701,76138.91589725380
Poster & Chester Institute,1,217,0.18202765,0.33247003,73042.72916666670
Prairie View Agricultural & Mechanical University,3,1167.333333333330,0.53512281,0.21562414,58314.01348559750
Pratt Community College,2,185,0.45405406,0.57812911,60594.11979166670
Pratt Institute,1,465,0.54695338,0.37531036,152508.3821572580
Presbyterian College,3,272.6666666666670,0.56723714,0.72028774,169574.6110368280
Prism Career Institute,1,68.5,0.87591243,0.26969883,49238.98958333330
Queens University Of Charlotte,3,188.5,0.77188331,0.64001471,126437.4921875
Queensborough Community College-CUNY,1,1494,0.49352968,0.35011157,56888.64031037340
Quincy College,1,359.6666666666670,0.63206673,0.40776423,80560.8077574722
Quincy University,2,214,0.56542057,0.68771547,104344.4193195090
Quinebaug Valley Community College,1,244,0.60109288,0.41786796,77610.005859375
Randolph - Macon College,3,245.5,0.51323831,0.69598776,271040.2083333330
Randolph College,3,126.5,0.99604744,0.53184575,138279.1145833330
Randolph Community College,3,320.3333333333330,0.60353798,0.54390401,66456.77577068160
Ranger College,3,180.3333333333330,0.4362292,0.4757978,55167.96019379620
Ranken Technical College,2,380,0.046052631,0.57431048,90543.8046875
Rappahannock Community College,3,214.6666666666670,0.54503107,0.47045189,68103.9646253882
Redlands Community College,3,283.3333333333330,0.55882353,0.56591469,66161.42125459560
Reed College,4,311.3333333333330,0.54603857,0.47278172,283207.8472798450
Regency Beauty Institute,2,161.3333333333330,0.97520661,0.55301309,97746.5780120093
Regis College,1,146,0.99315071,0.49164632,95879.64990011420
Regis University,4,274.3333333333330,0.59295261,0.58679026,247153.5273579890
Reid State Technical College,3,105,0.57619047,0.40922508,47062.92057291670
Reinhardt University,3,174.5,0.51862466,0.54619956,136475.640625
Renton Technical College,4,266,0.47619048,0.40220925,80759.60368695180
Rhode Island School Of Design,1,329.3333333333330,0.63157892,0.37237072,251804.7422823890
Rhodes College,3,341,0.56793743,0.62773508,327167.9163306450
Rich Mountain Community College,3,111,0.55255258,0.59606647,48710.82421875
Richard Bland College,3,240,0.59583336,0.50897121,86778.82552083330
Richmond Community College,3,199.3333333333330,0.66889632,0.32671088,50902.11493389420
Ringling College Of Art & Design,3,177.3333333333330,0.45300752,0.46324903,150259.7421875
Rio Hondo Community College,4,1545.333333333330,0.47260571,0.36174673,57731.04764934080
Ripon College,2,215.3333333333330,0.53095973,0.66116375,121768.812814435
River Parishes Community College,3,97,0.58762884,0.55095249,88848.06510416670
River Valley Community College,1,89,0.72284645,0.49131259,70440.70918188200
Roanoke Chowan Community College,3,151.6666666666670,0.6857143,0.27476546,36107.2220209478
Roanoke College,3,384.3333333333330,0.61405033,0.61510849,178135.8995419560
Robert Morgan And Miami Lakes Educational Centers,3,175.3333333333330,0.3365019,0.26549473,47011.12357414450
Robert Morris University,1,478.5,0.43260187,0.56149328,108830.0598958330
Robert Morris University Illinois,2,1088,0.65992647,0.34229666,54555.60735964310
Roberts Wesleyan College,1,220.3333333333330,0.65960664,0.70762569,83303.72860722390
Robeson Community College,3,254,0.71259844,0.3170611,42674.92414595640
Rockford University,2,90,,0.63040841,105366.6822916670
Rockhurst University,2,250,0.54400003,0.63571829,147929.15725
Rockingham Community College,3,362,0.54972374,0.50027198,69514.4940219268
Rocky Mountain College,4,133.6666666666670,0.51870322,0.59977025,103825.770320293
Rogers State University,3,481.3333333333330,0.57548475,0.57906514,74424.18522766620
Rollins College,3,401.6666666666670,0.59917015,0.54548091,360844.4678163900
Roosevelt University,2,211,0.66982621,0.44563264,93888.22435327800
Rose - Hulman Institute Of Technology,2,402.5,0.20248447,0.67373663,136282.03125
Roxbury Community College,1,143.5,0.60975611,0.14977084,43613.11197916670
Rust College,3,174.5,0.59025788,0.16485083,38329.48046875
Sage Colleges,1,332,0.81325299,0.5102998,93660.5540129267
Saint Ambrose University,2,344,0.55087209,0.70503324,130187.0390625
Saint Anselm College,1,459,0.56209153,0.64512104,150543.9831154680
Saint Augustine College,2,104,0.72596157,0.33019233,41191.84505208330
Saint Augustine's University,3,253.6666666666670,0.5282523,0.20273936,52626.67181853650
Saint Francis College,1,365.3333333333330,0.55200732,0.47471333,84568.40461764370
Saint Francis University,1,265,0.58490568,0.68875158,95414.55969929250
Saint John Fisher College,1,356.6666666666670,0.56915885,0.61460036,111440.9835134350
"Saint John's University of Collegeville, MN",2,446,0.0037369209,0.70965993,190784.8959267560
"Saint Joseph's College of Brooklyn, NY",1,430.3333333333330,0.76607281,0.65575022,104005.5193103700
"Saint Joseph's College of Rensselaer, IN",2,166.5,0.53153151,0.69097096,110235.3046875
"Saint Joseph's College of Standish, ME",1,229.6666666666670,0.65312046,0.61345434,86040.13522768510
Saint Louis College Of Pharmacy,2,137.5,0.61454546,0.7529943,108598.1484375
Saint Martin's University,4,89.33333333333330,,0.62545288,102601.0417735540
Saint Mary's College,2,360.6666666666670,0.99630314,0.68728763,244361.4812413360
Saint Mary's University,3,438,0.5981735,0.57456702,106095.5265529870
Saint Mary's University Of Minnesota,2,312,0.55982906,0.63550103,178865.8280248400
Saint Michael's College,1,470.6666666666670,0.54957509,0.61028093,180136.8202461050
Saint Norbert College,2,452.3333333333330,0.59837878,0.68649191,175285.6236067610
Saint Peter's University,1,447.6666666666670,0.48771408,0.44284081,76200.71544001300
Saint Thomas University,3,125,0.56800002,0.38178521,61359.47815625
Saint Vincent College & Seminary,1,253.3333333333330,0.51447368,0.66334718,117173.5396689970
Saint Xavier University,2,402.3333333333330,0.66694283,0.58140415,102297.6959468210
Salem College,3,114.3333333333330,0.98833817,0.54392195,123124.8517674930
Salem Community College,1,199,0.53601342,0.40757367,81625.04376046900
Salter College,1,116,0.93534482,0.24924818,50965.24869791670
Salve Regina University,1,392,0.67346936,0.58133811,198807.694395727
Sampson Community College,3,192,0.65972221,0.41662934,53155.96630859380
San Joaquin Valley College,4,536.5,0.74464118,0.3807402,47284.39192708330
"Sanford-Brown College of Boston, MA",1,185.6666666666670,0.53500897,0.25044051,65595.52105307450
"Sanford-Brown College of Farmington, CT",1,183.5,0.47593096,0.29947591,71673.39486830160
"Sanford-Brown College of Fenton, MO",2,378.3333333333330,0.73920703,0.33499491,61503.75301830950
"Sanford-Brown College of McLean, VA",3,147.8333333333330,0.56933486,0.29052219,59416.33909949270
Santa Barbara Business College,4,167,0.85329342,0.40133262,54232.58463541670
Santa Fe Community College,4,375.6666666666670,0.54924577,0.34701747,80035.57983030170
Santa Fe University Of Art And Design,4,143,0.50349653,0.36691275,163092.78125
Sarah Lawrence College,1,266.5,0.73170733,0.36256689,311431.3333333330
Savannah State University,3,332,0.52008033,0.27794608,57109.1535595507
Savannah Technical College,3,474.5,0.60695469,0.30726832,64418.73177083330
SBI Campus - An Affiliate Of Sanford-Brown,1,217,0.5299539,0.33122495,68223.6498655914
School Of Communication Arts Of North Carolina,3,76.5,0.1503268,0.30534223,77526.71354166670
School Of The Art Institute Of Chicago,2,280.6666666666670,0.61876482,0.3740305,219222.0193920730
School Of The Museum Of Fine Arts,1,74.66666666666670,,0.31151673,271903.361328125
Schreiner University,3,137.6666666666670,0.56174332,0.57976621,148461.9217425850
Scripps College,4,185,0.99459457,0.54493582,254753.8225788290
Seminole State College,3,282.5,0.56637168,0.58066285,58081.80338541670
Seton Hill University,1,127,0.8425197,0.54942012,82482.00463418640
Seward County Community College/Area Technical School,2,245,0.56870747,0.52142531,67996.21933460890
Shaw University,3,275.5,0.48820326,0.19834816,47100.20442708330
Shawnee Community College,2,256.5,0.56140351,0.51515514,57180.79817708330
Shenandoah University,3,248.5,0.54527164,0.57055336,131007.8333333330
Sheridan Technical Center,3,422.6666666666670,0.39274448,0.27671355,64751.30977671530
Shorter University,3,212.6666666666670,0.65360504,0.66084617,93522.14319651250
Siena Heights University,2,171,0.63352829,0.60820341,106720.0702515840
Simmons College,1,240.3333333333330,0.98751736,0.58543897,155814.6935571260
Simpson College,2,310,0.58924729,0.75015962,96151.38175403230
Simpson University,4,161,0.63975155,0.76154375,89041.90625
Snead State Community College,3,322.3333333333330,0.52843845,0.6270293,62970.58145763320
South Arkansas Community College,3,202.6666666666670,0.60197371,0.47838703,60774.68701171880
South Carolina State University,3,623.6666666666670,0.55852485,0.26261267,54342.34052854420
South Florida State College,3,267.3333333333330,0.53615957,0.48078376,58751.68073468670
South Georgia State College,3,286.6666666666670,0.52441859,0.48487431,78097.23624636630
South Georgia Technical College,3,219,0.53196347,0.23585999,45436.00520833330
South Hills School Of Business & Technology,1,175.3333333333330,0.69961977,0.58726811,60512.43334868110
South Seattle Community College,4,385.3333333333330,0.42214534,0.38109297,77709.30698529410
South Texas College,3,1881.333333333330,0.52037561,0.38526481,34827.63773337840
South University,3,154,0.75649351,0.37247777,58021.65885416670
Southeast Arkansas College,3,305.6666666666670,0.64667392,0.40182704,56660.61265505730
Southeastern College,3,107.6666666666670,0.65325075,0.28073353,50198.65565741100
"Southeastern Community College of Whiteville, NC",3,326,0.55316973,0.4039627,57475.72004010100
Southeastern Illinois College,2,245.5,0.52953154,0.59189695,63791.38671875
Southeastern Technical College,3,181.3333333333330,0.70588237,0.40548474,45670.37742704500
Southeastern University,3,288.3333333333330,0.53757226,0.70622164,81792.06022398850
Southern Adventist University,3,359,0.56267411,0.62534988,129780.6588541670
Southern Arkansas University,3,491.3333333333330,0.54274082,0.55880272,70946.45078761020
Southern Careers Institute,3,406,0.77709359,0.30735767,40739.65625
Southern Nazarene University,3,243.5,0.51334703,0.72733039,136705.4479166670
Southern Polytechnic State University,3,358,0.15176909,0.56924075,105229.4338774440
Southern State Community College,2,340.5,0.61086637,0.58404547,66525.27864583330
Southern University And Agricultural & Mechanical Colg At Baton R,3,1561,0.55626732,0.21273299,52995.16298646700
Southern University At New Orleans,3,265,0.61509436,0.16886793,43880.52864583330
Southern Virginia University,3,110.5,0.59728509,0.78086853,136551.5989583330
Southern Wesleyan University,3,82,,0.64051354,82087.796875
Southern West Virginia Community And Technical College,3,467.3333333333330,0.58345222,0.56333977,59687.57668732170
Southside Virginia Community College,3,433.3333333333330,0.6207692,0.40546602,61792.35265024040
Southwest Baptist University,2,447,0.606264,0.73558074,82856.9508703859
Southwest Florida College,3,350.5,0.6690442,0.30817133,51488.89453125
Southwest Georgia Technical College,3,207,0.66908211,0.38038537,45050.24869791670
Southwest Mississippi Community College,3,415,0.52409637,0.41703674,55453.20182291670
Southwest Texas Junior College,3,773.6666666666670,0.53899181,0.45840508,44078.6686385852
Southwest Virginia Community College,3,517.3333333333330,0.52190721,0.57391232,57355.34263500730
Southwest Wisconsin Technical College,2,392,0.43367347,0.54104149,62732.07736268340
Southwestern Adventist University,3,98,0.51020408,0.62882984,91328.2421875
Southwestern Assemblies Of God University,3,232,0.53448278,0.70723516,88503.2265625
Southwestern College,2,118.5,0.43459916,0.63350689,85761.85677083330
"Southwestern Community College of Creston, IA",2,183.5,0.5095368,0.55696315,67682.26822916670
"Southwestern Community College of Sylva, NC",3,273,0.56532359,0.51140255,58351.0567527091
Southwestern Oregon Community College,4,311,0.50803858,0.52206409,74040.80454096330
Southwestern University,3,311,0.57770634,0.64183152,216905.4958802250
Spartan College Of Aeronautics And Technology,3,293,0.087030716,0.59114587,72269.5859375
Spartanburg Methodist College,3,146,0.4041096,0.46751818,71015.4765625
Specs Howard School Of Media Arts,2,128.5,0.30739298,0.28786948,86942.81510416670
Spelman College,3,475,0.99508774,0.32187304,115008.4396655700
Spoon River College,2,353.6666666666670,0.49387372,0.49238095,62919.02882009900
Spring Arbor University,2,212.6666666666670,0.62225705,0.72245246,98894.20611285270
Spring Hill College,3,231.3333333333330,0.5979827,0.6132676,184068.7141570610
Springfield College,1,466,0.48819742,0.59201908,139924.6302083330
St. Bonaventure University,1,471.5,0.50583243,0.57125866,140831.3854166670
St. Catharine College,3,92,0.625,0.58139205,69351.08072916670
St. Catherine University,2,314.6666666666670,0.98728812,0.60108846,115429.9655885860
St. Edward's University,3,373,0.57104558,0.49688423,206336.6264661530
St. John's College,3,120.6666666666670,0.47513813,0.49136436,182242.6577607040
St. Lawrence University,1,469.3333333333330,0.53267044,0.56422293,184452.8575994320
Stanly Community College,3,246.3333333333330,0.64140731,0.54556483,72183.16348105550
State University Of New York Institute Of Technology At Utica,1,94.66666666666670,0.45774648,0.59397799,82847.17520356510
Stautzenberger College,2,102,0.84803921,0.49215335,65472.60286458330
Stephens College,2,100,0.95999998,0.53839111,122821.2421875
Sterling College,2,104.6666666666670,0.53821653,0.69550425,84321.57285031850
Stetson University,3,444.3333333333330,0.55888975,0.59183782,165998.9408524010
Stevens Henager College,4,249,0.6506024,0.57358158,70870.046875
Stevens Institute Of Technology,1,293,0.258248,0.5924843,122522.1018024740
Stevenson University,3,400,0.70458335,0.66117537,116840.6166210940
Stillman College,3,211.5,0.51773047,0.20755719,51941.625
Sul Ross State University,3,285.3333333333330,0.44509345,0.52143162,61093.27831574910
Sullivan County Community College - SUNY Office Of Community Coll,1,316.3333333333330,0.49736565,0.29293981,57085.83664136590
Summit College,4,160,0.86250001,0.35733205,54286.0625
Sunstate Academy,3,63.33333333333330,0.85789472,0.36987647,62731.99643297700
SUNY College At Old Westbury,1,251,0.61885792,0.33014035,69919.75049800800
SUNY College Of Technology At Canton,1,438.6666666666670,0.40577507,0.46526378,56837.88630319150
SUNY Empire State College,1,202.3333333333330,0.44645798,0.47361469,91579.67740939040
SUNY Fulton-Montgomery Community College,1,304,0.53453946,0.41571927,72228.89322916670
SUNY Maritime College,1,115,0.13333334,0.6042431,110698.2106884060
SUNY Upstate Medical University And SUNY College Of Environment Science And Forestry,1,107.6666666666670,0.44272447,0.59346414,103874.8842395510
Susquehanna University,1,442,0.57315236,0.66306734,204270.9816647810
Sussex County Community College,1,467.5,0.50374329,0.40659815,93998.18229166670
Swarthmore College,1,325,0.52717948,0.51523697,275097.1185096150
Sweet Briar College,3,128.6666666666670,0.99481863,0.54520142,155389.3970612050
Tabor College,2,106,0.4528302,0.76064676,87147.23887087260
Taft College,4,153.5,0.54723126,0.54383266,71812.95833333330
Technical Career Institutes,1,562,0.26156583,0.25732464,38723.66842517420
Tennessee College Of Applied Technology - Dickson,3,91,0.57692307,0.52601963,64438.73046875
Tennessee College Of Applied Technology - Knoxville,3,135,0.50740743,0.51508504,61866.19401041670
Tennessee College Of Applied Technology - Morristown,3,136.5,0.34065935,0.52133101,62646.96875
Tennessee College Of Applied Technology-Jackson,3,108.5,0.27649769,0.54036045,54278.3203125
Tennessee College Of Applied Technology-Memphis,3,153,0.34967321,0.25797632,58836.44401041670
Tennessee College Of Applied Technology-Shelbyville,3,103,0.29126215,0.63987154,66749.5625
Tennessee Wesleyan College,3,108.6666666666670,0.66564417,0.68136925,75293.54014091260
Texas A&M International University,3,258,0.61046511,0.4903383,57651.97081920220
Texas Lutheran University,3,268.5,0.54934824,0.67613995,119464.5911458330
Texas School Of Business,3,317,0.88538378,0.21558975,42459.76159963200
Texas Southern University,3,1115.666666666670,0.49746042,0.16192685,47258.42805007280
Texas State Technical College Harlingen,3,873.6666666666670,0.42407477,0.36945528,41275.66777798310
Texas State Technical College West Texas,3,411.5,0.36614013,0.47923154,58677.62625303770
Texas Wesleyan University,3,124,0.62096775,0.51739711,82651.875
Texas Woman's University,3,434,0.96236557,0.55806196,99060.92515120970
Thiel College,1,251.6666666666670,0.49271524,0.60255367,73692.44863410600
Thomas A Edison State College,1,222.6666666666670,0.49401197,0.69504958,201529.7200715760
Thomas College,1,125.6666666666670,0.48275861,0.63090479,65621.47147504970
Thomas More College,3,182.1666666666670,0.43366879,0.68076438,108354.0122727010
"Three Rivers Community College of Poplar Bluff, MO",2,621.3333333333330,0.58476394,0.58816344,57414.40957576110
Tiffin University,2,186,0.41577062,0.5442614,83310.24805387550
Transylvania University,3,260,0.56666666,0.66240519,155641.8698918270
Treasure Valley Community College,4,387,0.52799308,0.5639745,67205.79327828920
Trevecca Nazarene University,3,203.6666666666670,0.56955808,0.71782333,89277.73792962360
Tri-County Community College,3,168,0.58333331,0.56232959,55890.66858103920
Triangle Tech,1,327,0.065239549,0.49876115,63779.60253806700
Trine University,2,214.5,0.32167831,0.72922248,94744.54166666670
Trinity Christian College,2,179.6666666666670,0.63265306,0.73882031,137224.1576124770
"Trinity College of Hartford, CT",1,458,0.48580787,0.50442004,504456.0520833330
Trinity International University,2,209.6666666666670,0.54054052,0.75025427,102199.904126093
Trocaire College,1,82.5,0.90303028,0.56921661,66215.94010416670
Truett Mcconnell College,3,464,0.44396552,0.56884831,152815.943359375
Tulsa Technology Center School,3,398.6666666666670,0.41638795,0.43360728,63178.88740789610
Tulsa Welding School,3,255,0.031372551,0.41774809,55048.25390625
Tusculum College,3,189,0.41534391,0.54885477,84102.00520833330
Ulster County Community College,1,484,0.50482094,0.40826169,79104.46184142560
Umpqua Community College,4,341.6666666666670,0.49463415,0.52928126,68024.21336128050
"Union College of Barbourville, KY",3,77,,0.59948856,62249.84375
"Union College of Schenectady, NY",1,484,0.49793389,0.62193918,290078.2196539260
Union University,3,301.5,0.63349915,0.82592905,107919
United Education Institute,4,1165,0.74391991,0.27325657,35004.68340709940
United Talmudical Seminary,1,218,0.013761468,0.94151753,52691.84635416670
University Of Advancing Computer Technology,4,135.3333333333330,0.15024631,0.42786416,98070.98624153330
University Of Arkansas At Monticello,3,434.6666666666670,0.53527606,0.53768307,68064.34398964720
University Of Arkansas At Pine Bluff,3,596.6666666666670,0.51620114,0.19208598,47103.45137482540
University Of Arkansas Community College At Batesville,3,188.3333333333330,0.59115046,0.58525592,54978.69718611730
University Of Arkansas Community College At Hope,3,249.6666666666670,0.56074768,0.48459807,52763.41116801570
University Of Arkansas Community College At Morrilton,3,245.6666666666670,0.54274082,0.5565027,67613.96346039690
University Of Bridgeport,1,134,0.619403,0.36047974,71392.89322916670
University Of Charleston,3,119.3333333333330,0.63966483,0.62892014,92598.34907472070
University Of Dallas,3,259.6666666666670,0.59691912,0.62417471,151581.2045290440
University Of Detroit Mercy,2,358,0.53631288,0.52606511,94284.28887337060
University Of Evansville,2,480.3333333333330,0.62664819,0.68099409,135345.5347198130
University Of Indianapolis,2,498.6666666666670,0.6423797,0.66014224,100455.1889517880
University Of La Verne,4,285.3333333333330,0.63200933,0.52343291,98916.00026467580
University Of Mary,2,296,0.61317569,0.76345414,86681.06770833330
University Of Mary Hardin-Baylor,3,385,0.61818182,0.69769478,99405.07477002170
University Of Mobile,3,189.5,0.63588393,0.66848719,94348.61979166670
University Of Montana Western ,4,197.3333333333330,0.52871621,0.6445362,69802.63083298140
University Of Montevallo,3,494,0.70107961,0.61203992,107280.916571778
University Of Mount Olive,3,154.6666666666670,0.50215518,0.57902265,67607.93839237610
University Of New England,1,232,0.75,0.59141123,107871.9635416670
University Of New Haven,1,348.6666666666670,0.4043977,0.5193671,110786.7626075530
University Of North Carolina  Asheville,3,499.3333333333330,0.56408542,0.55898976,125395.030723256
University Of North Carolina School Of The Arts,3,152.3333333333330,0.41794312,0.41158786,146827.2932850110
University Of Northwestern- St Paul,2,396,0.62457913,0.7689274,105821.3147556290
University Of Pikeville,3,173.6666666666670,0.55086374,0.58478713,70850.18042226490
University Of Redlands,4,397.3333333333330,0.57885903,0.5649572,209235.6738805580
University Of Rio Grande,2,356.3333333333330,0.57249767,0.59015089,70319.68712728020
"University Of Saint Francis of Fort Wayne, IN",2,231.5,0.6321094,0.6892966,97777.7272036987
"University Of Saint Francis of Joliet, IL",2,159.5,0.62591434,0.66536272,96755.85872191750
University Of Saint Joseph,1,147,0.99546486,0.52178866,105873.2301764460
"University Of Saint Thomas of Houston, TX",3,230.3333333333330,0.64544141,0.52544707,159112.8067678180
University Of Science & Arts Of Oklahoma,3,214.3333333333330,0.60186625,0.56930727,64256.73572365860
University Of Sioux Falls,2,192.5,0.53246754,0.82188666,93099.56770833330
University Of Texas - Pan American,3,1723.666666666670,0.55733901,0.45201543,50459.72650735470
University Of Texas At Brownsville,3,1351.333333333330,0.55944747,0.42932925,39152.5061474778
University Of Texas At El Paso,3,1665.666666666670,0.52431458,0.4765313,59130.92024902440
University Of Texas At Tyler,3,182.6666666666670,0.65145987,0.69532216,87783.83750570260
University Of Texas Of The Permian Basin,3,135.3333333333330,0.58374387,0.62275636,78160.88367841750
University Of The Arts ,1,431.3333333333330,0.52395672,0.39312306,143759.6316170790
University Of The Cumberlands,3,264.5,0.50472587,0.6729756,77373.19791666670
University Of The District Of Columbia,3,349.6666666666670,0.63775027,0.14535612,51496.6439764061
University Of The Incarnate Word,3,306.6666666666670,0.69021738,0.49943516,95860.18561480980
University Of The Ozarks,3,107,0.48598132,0.61283273,96423.859375
University Of The Sciences In Philadelphia,1,309,0.66343039,0.64841211,109049.2317708330
University Of The South ,3,336.6666666666670,0.54653466,0.67054856,353212.4573329210
University Of Tulsa ,3,493,0.5598377,0.60456246,149613.9026791750
University Of Virginia's College At Wise ,3,214.3333333333330,0.50544322,0.65700847,88150.29001020610
University Of West Alabama,3,335,0.54328358,0.5090788,73363.17646921640
Upper Iowa University,2,188.3333333333330,0.48672566,0.55400813,68258.7517699115
Urbana University,2,115,0.45652175,0.6471647,80268.23958333330
Ursinus College,1,310,0.55161291,0.62653041,160098.6955981180
Ursuline College,2,91.66666666666670,0.95636362,0.57043773,93028.19188920460
Utah College Of Massage Therapy,4,439.6666666666670,0.73995453,0.49498308,97051.27598441050
Utica College,1,345,0.58357489,0.5434733,80905.81586654590
Valley City State University,2,147.6666666666670,0.48758465,0.71825904,68016.74412739840
Vance - Granville Community College,3,531,0.62586313,0.35806939,56108.12308978740
Vanguard University Of Southern California,4,240.3333333333330,0.62135923,0.71484703,119919.5007693310
Vatterott College,2,910.5,0.41241077,0.39620981,59444.94791666670
Vaughn College Of Aeronautics And Technology,1,207.6666666666670,0.099518456,0.39375299,42817.99932283310
Vernon College,3,404.6666666666670,0.57084018,0.55012918,77764.21282627160
Virginia College,3,776.3333333333330,0.68527263,0.28743851,52734.07349670590
Virginia Highlands Community College,3,334,0.54491019,0.57692194,59370.95551475180
Virginia Military Institute,3,287,0.056910571,0.67730194,153454.3008493030
Virginia Wesleyan College,3,210,0.61904764,0.55334544,223228.4130456350
Viterbo University,2,256.3333333333330,0.73862159,0.65008473,93904.17841758780
Wabash College,2,201.6666666666670,0.0033057851,0.62956327,139083.9872417360
Wagner College,1,379.3333333333330,0.58172232,0.5770995,145977.598075022
Waldorf College,2,117,0.46153846,0.71445614,80856.10416666670
Walla Walla University,4,319,0.52194357,0.69295704,130955.5729166670
Walsh University,2,219,0.55403346,0.66895604,97740.29220176940
Warren County Community College,1,137.5,0.5418182,0.42067751,96677.34114583330
Warren Wilson College,3,167,0.63473052,0.47583985,161014.9976297410
Wartburg College,2,384,0.54817706,0.78110844,108707.0677083330
Washington Adventist University,3,125.3333333333330,0.60904253,0.48828545,88549.64091589100
Washington And Jefferson College,1,290.6666666666670,0.47247708,0.60048878,151933.7910514620
Washington And Lee University,3,405.3333333333330,0.44161186,0.65991741,424390.8492495890
Washington College,3,251.3333333333330,0.60742706,0.60547525,209230.8945208890
Washington State Community College,2,326.6666666666670,0.57857144,0.58813196,62312.45173788270
Wayland Baptist University,3,308.5,0.51053482,0.62763017,70396.73697916670
Wayne County Community College District,2,1408,0.61079544,0.21109523,56755.07228319570
Wayne State College,2,466,0.54291844,0.70208883,79428.86458333330
Waynesburg University,1,259.6666666666670,0.50192553,0.65669513,83352.36979500960
Webber International University,3,90,0.33333334,0.4916667,87560.8359375
Webster University,2,432.6666666666670,0.60554701,0.55161756,135678.8018104780
Wells College,1,80,0.95625001,0.4769223,101919.3619791670
Wesley College,3,323.6666666666670,0.4685891,0.55015695,94863.84105464730
West Georgia Technical College,3,434.3333333333330,0.63392174,0.52626616,71302.09943999420
West Liberty University,3,447.1666666666670,0.53969437,0.61729866,80635.58172404960
West Shore Community College,2,184,0.50271738,0.51044184,68259.17708333330
West Virginia Northern Community College,3,330.3333333333330,0.62663978,0.47185647,63097.30609863770
West Virginia Wesleyan College,3,331,0.54078549,0.59883344,107317.53125
Western Dakota Technical Institute,2,261.3333333333330,0.40943879,0.55675775,57902.49143016580
Western International University,4,66.66666666666670,0.78500003,0.43411961,65439.2931640625
Western Nebraska Community College,2,353.1666666666670,0.57243985,0.52818024,62023.64059919180
Western Nevada College,4,497,0.5197854,0.47256988,71339.91935990950
Western New England University,1,488.6666666666670,0.44474763,0.62980825,114938.230218281
Western New Mexico University,4,266.3333333333330,0.53817272,0.49284026,59190.09503578690
Western Oklahoma State College,3,257.6666666666670,0.5109961,0.57902139,63161.20919914300
Western Piedmont Community College,3,326.6666666666670,0.54591835,0.50568205,61957.43097895410
Western State Colorado University,4,454.3333333333330,0.40572268,0.55442655,147656.4075339330
"Western Technical College of El Paso, TX",3,224,0.25669643,0.39006972,39456.13671875
Western Texas College,3,176.6666666666670,0.46603775,0.55917984,60704.00307340800
Western Wyoming Community College,4,430,0.53720933,0.61921382,84852.14945494190
"Westminster College of Fulton, MO",2,159,0.418239,0.65503818,156147.4166666670
"Westminster College of New Wilmington, PA",1,298,0.64429528,0.70545608,102805.0078125
"Westminster College of Salt Lake City, UT",4,262,0.59923667,0.68741113,253023.0520833330
Westmont College,4,296.6666666666670,0.65056181,0.73554587,293421.6770365170
Westwood College - Los Angeles,4,412.5,0.39515153,0.23935547,48385.38411458330
Westwood College - South Bay,4,52.5,,0.29300576,49891.94401041670
"Wheaton College of Norton, MA",1,369,0.65582657,0.55326259,214708.2362381440
Wheeling Jesuit University,3,218.3333333333330,0.54351145,0.64286095,109907.5654937980
Wheelock College,1,142.6666666666670,0.95794392,0.56957787,125180.7360543220
White Mountains Community College,1,132.6666666666670,0.53266335,0.46148774,70340.1348146985
Whitman College,4,353.6666666666670,0.5730443,0.58210313,274137.7702491750
Whittier College,4,251,0.56440902,0.47606146,198170.0397576360
Whitworth University,4,384.6666666666670,0.61438477,0.75211358,144144.8991077230
Wichita Area Technical College,2,199,0.4723618,0.40141246,65035.7578125
Wichita Technical Institute,2,59,,0.45355228,52311.27994791670
Widener University,1,482.3333333333330,0.44574982,0.59613645,124080.0282642970
Wilkes Community College,3,378,0.51675487,0.58125371,67253.95353491510
Wilkes University,1,360,0.46481481,0.60095644,106231.0593677660
Willamette University,4,392.3333333333330,0.55989802,0.57052082,206669.8408692650
William Carey University,3,180.6666666666670,0.62177122,0.5954569,81652.39492043360
William Jewell College,2,263.6666666666670,0.59671301,0.71338969,132939.4076129900
William Peace University,3,132.3333333333330,0.99748111,0.60922098,166444.0408139170
William Penn University,2,143.1666666666670,0.38998836,0.5550921,75898.03356009900
William Woods University,2,153.3333333333330,0.7543478,0.59773177,118518.3536769700
Williams Baptist College,3,106.6666666666670,0.5625,0.70462656,60595.07559814450
Williams College,1,475.5,0.53838062,0.5631516,468122.3333333330
Williamsburg Technical College,3,86,0.5988372,0.24914269,41606.39583333330
Williston State College,2,170.3333333333330,0.56164384,0.61835343,67176.78470523480
Wilmington College,2,294.3333333333330,0.54133636,0.6593712,82706.15306483580
Wilmington University,3,307,0.60260588,0.5249055,105853.410168974
Wilson Community College,3,263.6666666666670,0.53476614,0.38674322,55541.70505096400
Wingate University,3,232,0.53160918,0.5805968,154815.7521551720
Winston-Salem State University,3,466.3333333333330,0.6719085,0.2699964,56930.33621392510
Wisconsin Lutheran College,2,147.6666666666670,0.61399549,0.75150943,100279.4928047400
Wittenberg University,2,474.8333333333330,0.57283258,0.65028304,162171.2353457350
Wofford College,3,261.6666666666670,0.48025477,0.69341409,243617.1731886940
Wood Tobe - Coburn School,1,129,0.82558137,0.29204834,42822.66666666670
Woodbury University,4,115.6666666666670,0.61095101,0.45329198,106416.8121847980
Wor-Wic Community College,3,421.5,0.5871886,0.42768478,70139.9296875
Word Of Life Bible Institute,1,248.3333333333330,0.50872481,0.71490717,79461.01014052010
Wright Career College,2,249.3333333333330,0.76604277,0.21807687,36096.95472823360
Wytheville Community College,3,267.3333333333330,0.61471319,0.58035094,58383.51041341960
Young Harris College,3,167.6666666666670,0.47117296,0.58961809,125950.5108877980
Zane State College,2,325.5,0.59447002,0.58064598,65763.33463541670
Late College Goers,,413120.3333333330,0.50682002,0.34088293,55858.26283564050
